M,N,K,L,a_major,b_major,c_major,cta_m,cta_n,cta_k,stages,atom_m,atom_n,atom_k,avg_us,gflops
128,4096,8192,1,m,n,n,64,128,64,3,1,1,1,1407.2428894042969,6104.088112064452
128,4096,8192,1,m,n,n,64,128,64,3,2,2,1,165.23263931274414,51986.91147056847
128,4096,8192,1,m,n,n,64,128,64,4,1,1,1,1558.3847045898438,5512.0757837910205
128,4096,8192,1,m,n,n,64,128,64,4,2,2,1,151.34783744812012,56756.24268463372
128,4096,8192,1,m,n,n,128,128,32,3,1,1,1,2845.5935668945312,3018.679368668384
128,4096,8192,1,m,n,n,128,128,32,3,2,2,1,277.0534324645996,31004.613498508363
128,4096,8192,1,m,n,n,128,128,32,4,1,1,1,2978.5293579101562,2883.9516284059755
128,4096,8192,1,m,n,n,128,128,32,4,2,2,1,275.7222366333008,31154.30477021793
128,4096,8192,1,m,n,n,128,128,32,5,1,1,1,2863.3087158203125,3000.0029492240974
128,4096,8192,1,m,n,n,128,128,32,5,2,2,1,276.29568099975586,31089.644835988554
128,4096,8192,1,m,n,n,128,128,32,6,1,1,1,2864.7833251953125,2998.458737333779
128,4096,8192,1,m,n,n,128,128,32,6,2,2,1,277.4220848083496,30963.41301715092
128,4096,8192,1,m,n,n,128,256,32,3,2,2,1,1566.2477111816406,5484.403604024683
128,4096,8192,1,m,n,n,128,256,32,4,2,2,1,1568.6201477050781,5476.108798275505
128,4096,8192,1,k,n,n,64,128,64,3,1,1,1,1414.86083984375,6071.222236208495
128,4096,8192,1,k,n,n,64,128,64,3,2,2,1,168.63231658935547,50938.83999066298
128,4096,8192,1,k,n,n,64,128,64,4,1,1,1,1455.2268981933594,5902.814607580622
128,4096,8192,1,k,n,n,64,128,64,4,2,2,1,166.87103271484375,51476.48727433024
128,4096,8192,1,k,n,n,128,128,32,3,1,1,1,2906.2347412109375,2955.6919371285344
128,4096,8192,1,k,n,n,128,128,32,3,2,2,1,279.2255973815918,30763.42094905049
128,4096,8192,1,k,n,n,128,128,32,4,1,1,1,2800.3738403320312,3067.4242375373424
128,4096,8192,1,k,n,n,128,128,32,4,2,2,1,281.96863174438477,30464.14964267054
128,4096,8192,1,k,n,n,128,128,32,5,1,1,1,2759.1476440429688,3113.256592319649
128,4096,8192,1,k,n,n,128,128,32,5,2,2,1,285.163516998291,30122.838581947628
128,4096,8192,1,k,n,n,128,128,32,6,1,1,1,2785.1980590820312,3084.137791921032
128,4096,8192,1,k,n,n,128,128,32,6,2,2,1,285.9008026123047,30045.15731859755
128,4096,8192,1,k,n,n,128,256,32,3,2,2,1,1739.18212890625,4939.06558101658
128,4096,8192,1,k,n,n,128,256,32,4,2,2,1,1643.47900390625,5226.677415156075
128,4096,8192,1,m,k,n,64,128,64,3,1,1,1,1494.1183471679688,5749.166127490382
128,4096,8192,1,m,k,n,64,128,64,3,2,2,1,158.9452838897705,54043.34360720744
128,4096,8192,1,m,k,n,64,128,64,4,1,1,1,1497.1903991699219,5737.369540148311
128,4096,8192,1,m,k,n,64,128,64,4,2,2,1,173.75232696533203,49437.8103708154
128,4096,8192,1,m,k,n,128,128,32,3,1,1,1,2942.8121948242188,2918.9543957673786
128,4096,8192,1,m,k,n,128,128,32,3,2,2,1,287.8668785095215,29839.954622344227
128,4096,8192,1,m,k,n,128,128,32,4,1,1,1,2948.6898803710938,2913.135982587275
128,4096,8192,1,m,k,n,128,128,32,4,2,2,1,288.93184661865234,29729.96813098784
128,4096,8192,1,m,k,n,128,128,32,5,1,1,1,2914.1421508789062,2947.6717837560786
128,4096,8192,1,m,k,n,128,128,32,5,2,2,1,290.79551696777344,29539.432662409148
128,4096,8192,1,m,k,n,128,128,32,6,1,1,1,2903.4701538085938,2958.506248370507
128,4096,8192,1,m,k,n,128,128,32,6,2,2,1,293.703670501709,29246.94327900821
128,4096,8192,1,m,k,n,128,256,32,3,2,2,1,1598.4640502929688,5373.8678642323075
128,4096,8192,1,m,k,n,128,256,32,4,2,2,1,1600.5119323730469,5366.9919094348
128,4096,8192,1,m,k,n,256,128,32,3,1,1,1,6367.6251220703125,1349.0013038341594
128,4096,8192,1,m,k,n,256,128,32,3,2,2,1,1576.3813781738281,5449.147465793512
128,4096,8192,1,m,k,n,256,128,32,4,1,1,1,6097.5103759765625,1408.7609634652335
128,4096,8192,1,m,k,n,256,128,32,4,2,2,1,1409.2903137207031,6095.2200610259615
128,8192,4096,1,m,n,n,64,128,64,3,1,1,1,1364.2137145996094,6296.619437315295
128,8192,4096,1,m,n,n,64,128,64,3,2,2,1,175.55456161499023,48930.28419756268
128,8192,4096,1,m,n,n,64,128,64,4,1,1,1,1509.0074157714844,5692.440277113133
128,8192,4096,1,m,n,n,64,128,64,4,2,2,1,176.68096542358398,48618.336284308
128,8192,4096,1,m,n,n,128,128,32,3,1,1,1,1887.6416015625,4550.617333761696
128,8192,4096,1,m,n,n,128,128,32,3,2,2,1,142.7660846710205,60167.89359877735
128,8192,4096,1,m,n,n,128,128,32,4,1,1,1,1846.337890625,4652.417434325761
128,8192,4096,1,m,n,n,128,128,32,4,2,2,1,158.7174415588379,54120.92399949402
128,8192,4096,1,m,n,n,128,128,32,5,1,1,1,1854.6687316894531,4631.519605215572
128,8192,4096,1,m,n,n,128,128,32,5,2,2,1,161.54624938964844,53173.22206151093
128,8192,4096,1,m,n,n,128,128,32,6,1,1,1,1786.5350341796875,4808.153452162324
128,8192,4096,1,m,n,n,128,128,32,6,2,2,1,143.27808380126953,59952.88577361535
128,8192,4096,1,m,n,n,128,256,32,3,2,2,1,811.6429138183594,10583.391348282472
128,8192,4096,1,m,n,n,128,256,32,4,2,2,1,814.4281768798828,10547.19720639884
128,8192,4096,1,k,n,n,64,128,64,3,1,1,1,1338.4294128417969,6417.921266211246
128,8192,4096,1,k,n,n,64,128,64,3,2,2,1,180.89984893798828,47484.4763134357
128,8192,4096,1,k,n,n,64,128,64,4,1,1,1,1375.6825256347656,6244.12568447538
128,8192,4096,1,k,n,n,64,128,64,4,2,2,1,179.38432693481445,47885.64719548466
128,8192,4096,1,k,n,n,128,128,32,3,1,1,1,1955.5558776855469,4392.57946552078
128,8192,4096,1,k,n,n,128,128,32,3,2,2,1,143.93343925476074,59679.90924468845
128,8192,4096,1,k,n,n,128,128,32,4,1,1,1,1859.3959045410156,4619.744816594286
128,8192,4096,1,k,n,n,128,128,32,4,2,2,1,164.82303619384766,52116.10458320532
128,8192,4096,1,k,n,n,128,128,32,5,1,1,1,1830.8096313476562,4691.877541455231
128,8192,4096,1,k,n,n,128,128,32,5,2,2,1,147.27168083190918,58327.13080666375
128,8192,4096,1,k,n,n,128,128,32,6,1,1,1,1833.2057189941406,4685.7450328669065
128,8192,4096,1,k,n,n,128,128,32,6,2,2,1,147.8451156616211,58100.90210663516
128,8192,4096,1,k,n,n,128,256,32,3,2,2,1,868.8639831542969,9886.397363158465
128,8192,4096,1,k,n,n,128,256,32,4,2,2,1,832.5734710693359,10317.329209357717
128,8192,4096,1,m,k,n,64,128,64,3,1,1,1,1442.4882507324219,5954.942501360735
128,8192,4096,1,m,k,n,64,128,64,3,2,2,1,178.46271514892578,48132.93681445878
128,8192,4096,1,m,k,n,64,128,64,4,1,1,1,1443.33251953125,5951.4591930553515
128,8192,4096,1,m,k,n,64,128,64,4,2,2,1,177.47968673706055,48399.536588804935
128,8192,4096,1,m,k,n,128,128,32,3,1,1,1,1980.5183410644531,4337.215371296808
128,8192,4096,1,m,k,n,128,128,32,3,2,2,1,148.56255531311035,57820.32069854924
128,8192,4096,1,m,k,n,128,128,32,4,1,1,1,1980.1087951660156,4338.112437544022
128,8192,4096,1,m,k,n,128,128,32,4,2,2,1,169.14112091064453,50785.60757876242
128,8192,4096,1,m,k,n,128,128,32,5,1,1,1,1917.1072387695312,4480.675059947785
128,8192,4096,1,m,k,n,128,128,32,5,2,2,1,150.46655654907227,57088.66334824729
128,8192,4096,1,m,k,n,128,128,32,6,1,1,1,1963.5404968261719,4374.717305746737
128,8192,4096,1,m,k,n,128,128,32,6,2,2,1,153.1481647491455,56089.04687868895
128,8192,4096,1,m,k,n,128,256,32,3,2,2,1,818.6675262451172,10492.580097073605
128,8192,4096,1,m,k,n,128,256,32,4,2,2,1,819.4662475585938,10482.35313851142
128,8192,4096,1,m,k,n,256,128,32,3,1,1,1,5643.3477783203125,1522.1345430808642
128,8192,4096,1,m,k,n,256,128,32,3,2,2,1,1318.2566833496094,6516.1320253454005
128,8192,4096,1,m,k,n,256,128,32,4,1,1,1,5635.2154541015625,1524.3311745512517
128,8192,4096,1,m,k,n,256,128,32,4,2,2,1,1368.6784362792969,6276.07943860899
256,2048,8192,1,m,n,n,64,128,64,3,1,1,1,1401.4054870605469,6129.514028104328
256,2048,8192,1,m,n,n,64,128,64,3,2,2,1,172.09407806396484,49914.178852843776
256,2048,8192,1,m,n,n,64,128,64,4,1,1,1,1543.1680297851562,5566.428558784951
256,2048,8192,1,m,n,n,64,128,64,4,2,2,1,172.74879455566406,49725.00453096999
256,2048,8192,1,m,n,n,128,128,32,3,1,1,1,2822.0986938476562,3043.810838623954
256,2048,8192,1,m,n,n,128,128,32,3,2,2,1,278.67136001586914,30824.60498097415
256,2048,8192,1,m,n,n,128,128,32,4,1,1,1,2925.4656982421875,2936.2622836977366
256,2048,8192,1,m,n,n,128,128,32,4,2,2,1,277.8112030029297,30920.0438972557
256,2048,8192,1,m,n,n,128,128,32,5,1,1,1,2836.0702514648438,3028.815872090354
256,2048,8192,1,m,n,n,128,128,32,5,2,2,1,277.9545593261719,30904.09674453281
256,2048,8192,1,m,n,n,128,128,32,6,1,1,1,2678.763427734375,3206.6790605936903
256,2048,8192,1,m,n,n,128,128,32,6,2,2,1,283.4668731689453,30303.13382290857
256,2048,8192,1,m,n,n,128,256,32,3,2,2,1,1594.1017150878906,5388.573709379891
256,2048,8192,1,m,n,n,128,256,32,4,2,2,1,1592.6329040527344,5393.54333954887
256,2048,8192,1,k,n,n,64,128,64,3,1,1,1,1415.4547119140625,6068.674977516008
256,2048,8192,1,k,n,n,64,128,64,3,2,2,1,177.39776611328125,48421.88704064462
256,2048,8192,1,k,n,n,64,128,64,4,1,1,1,1445.8470153808594,5941.108914442981
256,2048,8192,1,k,n,n,64,128,64,4,2,2,1,180.4902458190918,47592.23720383109
256,2048,8192,1,k,n,n,128,128,32,3,1,1,1,2896.17919921875,2965.954107507281
256,2048,8192,1,k,n,n,128,128,32,3,2,2,1,281.37664794921875,30528.24267616644
256,2048,8192,1,k,n,n,128,128,32,4,1,1,1,2620.3955078125,3278.1061356538726
256,2048,8192,1,k,n,n,128,128,32,4,2,2,1,284.0595245361328,30239.910476606274
256,2048,8192,1,k,n,n,128,128,32,5,1,1,1,2620.682373046875,3277.7473074743943
256,2048,8192,1,k,n,n,128,128,32,5,2,2,1,287.03359603881836,29926.58249955625
256,2048,8192,1,k,n,n,128,128,32,6,1,1,1,2703.8516235351562,3176.9252858516966
256,2048,8192,1,k,n,n,128,128,32,6,2,2,1,288.2329559326172,29802.05564698905
256,2048,8192,1,k,n,n,128,256,32,3,2,2,1,1775.1449584960938,4839.004584322741
256,2048,8192,1,k,n,n,128,256,32,4,2,2,1,1665.5564880371094,5157.396133783132
256,2048,8192,1,m,k,n,64,128,64,3,1,1,1,1487.9335021972656,5773.0635000254015
256,2048,8192,1,m,k,n,64,128,64,3,2,2,1,163.9833641052246,52382.96359433158
256,2048,8192,1,m,k,n,64,128,64,4,1,1,1,1484.5951843261719,5786.045032807243
256,2048,8192,1,m,k,n,64,128,64,4,2,2,1,152.9651165008545,56156.16676859796
256,2048,8192,1,m,k,n,128,128,32,3,1,1,1,2933.6984252929688,2928.0223617879815
256,2048,8192,1,m,k,n,128,128,32,3,2,2,1,289.1967964172363,29702.730799296067
256,2048,8192,1,m,k,n,128,128,32,4,1,1,1,2928.1689453125,2933.55156496384
256,2048,8192,1,m,k,n,128,128,32,4,2,2,1,290.89792251586914,29529.033819522723
256,2048,8192,1,m,k,n,128,128,32,5,1,1,1,2890.6906127929688,2971.5855975677914
256,2048,8192,1,m,k,n,128,128,32,5,2,2,1,292.8000068664551,29337.207618023847
256,2048,8192,1,m,k,n,128,128,32,6,1,1,1,2836.0910034179688,3028.7937099506603
256,2048,8192,1,m,k,n,128,128,32,6,2,2,1,295.8764839172363,29032.163956642155
256,2048,8192,1,m,k,n,128,256,32,3,2,2,1,1588.7770080566406,5406.633245849291
256,2048,8192,1,m,k,n,128,256,32,4,2,2,1,1589.9853515625,5402.524358830448
256,2048,8192,1,m,k,n,256,128,32,3,1,1,1,5224.324951171875,1644.2190469169002
256,2048,8192,1,m,k,n,256,128,32,3,2,2,1,1392.0460510253906,6170.7258791277745
256,2048,8192,1,m,k,n,256,128,32,4,1,1,1,5084.139404296875,1689.5552833858553
256,2048,8192,1,m,k,n,256,128,32,4,2,2,1,1392.4211120605469,6169.063739121533
256,3072,8192,1,m,n,n,64,128,64,3,1,1,1,2659.5123291015625,4844.83630589251
256,3072,8192,1,m,n,n,64,128,64,3,2,2,1,327.10655212402344,39390.53438194246
256,3072,8192,1,m,n,n,64,128,64,4,1,1,1,2951.9668579101562,4364.8531667871985
256,3072,8192,1,m,n,n,64,128,64,4,2,2,1,302.53055572509766,42590.414899142306
256,3072,8192,1,m,n,n,128,128,32,3,1,1,1,2973.3477783203125,4333.466129306566
256,3072,8192,1,m,n,n,128,128,32,3,2,2,1,279.3267250061035,46128.4250109561
256,3072,8192,1,m,n,n,128,128,32,4,1,1,1,2862.080078125,4501.936191960474
256,3072,8192,1,m,n,n,128,128,32,4,2,2,1,278.44608306884766,46274.315465282096
256,3072,8192,1,m,n,n,128,128,32,5,1,1,1,3107.327880859375,4146.618053205412
256,3072,8192,1,m,n,n,128,128,32,5,2,2,1,278.52800369262695,46260.70526904467
256,3072,8192,1,m,n,n,128,128,32,6,1,1,1,3018.9529418945312,4268.003554872947
256,3072,8192,1,m,n,n,128,128,32,6,2,2,1,279.5929527282715,46084.50163807409
256,3072,8192,1,m,n,n,128,256,32,3,2,2,1,1601.5507507324219,8045.2660536092735
256,3072,8192,1,m,n,n,128,256,32,4,2,2,1,1602.1554565429688,8042.2295073676805
256,3072,8192,1,k,n,n,64,128,64,3,1,1,1,2593.095703125,4968.926473663161
256,3072,8192,1,k,n,n,64,128,64,3,2,2,1,310.0876808166504,41552.44688878377
256,3072,8192,1,k,n,n,64,128,64,4,1,1,1,2579.0463256835938,4995.994744136583
256,3072,8192,1,k,n,n,64,128,64,4,2,2,1,314.83903884887695,40925.36279843227
256,3072,8192,1,k,n,n,128,128,32,3,1,1,1,3042.9592895507812,4234.332655137868
256,3072,8192,1,k,n,n,128,128,32,3,2,2,1,282.0915222167969,45676.31734107031
256,3072,8192,1,k,n,n,128,128,32,4,1,1,1,2853.2940673828125,4515.798786845231
256,3072,8192,1,k,n,n,128,128,32,4,2,2,1,285.2908706665039,45164.08764815348
256,3072,8192,1,k,n,n,128,128,32,5,1,1,1,2937.364501953125,4386.551917350576
256,3072,8192,1,k,n,n,128,128,32,5,2,2,1,288.39935302734375,44677.291237814796
256,3072,8192,1,k,n,n,128,128,32,6,1,1,1,2920.3079223632812,4412.172356664634
256,3072,8192,1,k,n,n,128,128,32,6,2,2,1,289.7715187072754,44465.729225156225
256,3072,8192,1,k,n,n,128,256,32,3,2,2,1,1762.4269104003906,7310.8858086335
256,3072,8192,1,k,n,n,128,256,32,4,2,2,1,1659.0028381347656,7766.654517894998
256,3072,8192,1,m,k,n,64,128,64,3,1,1,1,2810.2859497070312,4584.907770450632
256,3072,8192,1,m,k,n,64,128,64,3,2,2,1,306.85184478759766,41990.62872481314
256,3072,8192,1,m,k,n,64,128,64,4,1,1,1,2831.3394165039062,4550.8150004530635
256,3072,8192,1,m,k,n,64,128,64,4,2,2,1,303.2473564147949,42489.741840899915
256,3072,8192,1,m,k,n,128,128,32,3,1,1,1,3029.7906494140625,4252.73669997359
256,3072,8192,1,m,k,n,128,128,32,3,2,2,1,290.0992012023926,44415.50281626123
256,3072,8192,1,m,k,n,128,128,32,4,1,1,1,3167.0681762695312,4068.400542983272
256,3072,8192,1,m,k,n,128,128,32,4,2,2,1,291.5340805053711,44196.89754852732
256,3072,8192,1,m,k,n,128,128,32,5,1,1,1,2981.7446899414062,4321.262625692208
256,3072,8192,1,m,k,n,128,128,32,5,2,2,1,293.7446403503418,43864.29612003305
256,3072,8192,1,m,k,n,128,128,32,6,1,1,1,3058.0551147460938,4213.430237365037
256,3072,8192,1,m,k,n,128,128,32,6,2,2,1,296.61184310913086,43440.28125424285
256,3072,8192,1,m,k,n,128,256,32,3,2,2,1,1595.0233459472656,8078.190153604183
256,3072,8192,1,m,k,n,128,256,32,4,2,2,1,1596.2521362304688,8071.971586160286
256,3072,8192,1,m,k,n,256,128,32,3,1,1,1,5511.0296630859375,2338.0207829955707
256,3072,8192,1,m,k,n,256,128,32,3,2,2,1,1385.3286743164062,9300.9710452706
256,3072,8192,1,m,k,n,256,128,32,4,1,1,1,5355.6427001953125,2405.8553957548565
256,3072,8192,1,m,k,n,256,128,32,4,2,2,1,1390.223388671875,9268.224080382766
256,3584,8192,1,m,n,n,64,128,64,3,1,1,1,2678.5791015625,5612.07452385152
256,3584,8192,1,m,n,n,64,128,64,3,2,2,1,302.06335067749023,49765.67167875296
256,3584,8192,1,m,n,n,64,128,64,4,1,1,1,2959.6670532226562,5079.079932194358
256,3584,8192,1,m,n,n,64,128,64,4,2,2,1,303.6569595336914,49504.4986259639
256,3584,8192,1,m,n,n,128,128,32,3,1,1,1,3207.802734375,4686.193878106059
256,3584,8192,1,m,n,n,128,128,32,3,2,2,1,279.5315170288086,53777.06848866977
256,3584,8192,1,m,n,n,128,128,32,4,1,1,1,3146.875,4776.924897239325
256,3584,8192,1,m,n,n,128,128,32,4,2,2,1,278.75328063964844,53927.20581262953
256,3584,8192,1,m,n,n,128,128,32,5,1,1,1,3013.201904296875,4988.8411110332745
256,3584,8192,1,m,n,n,128,128,32,5,2,2,1,278.8761520385742,53903.44576298054
256,3584,8192,1,m,n,n,128,128,32,6,1,1,1,3261.6244506835938,4608.864620465244
256,3584,8192,1,m,n,n,128,128,32,6,2,2,1,279.9616050720215,53694.454038198724
256,3584,8192,1,m,n,n,128,256,32,3,2,2,1,1603.95263671875,9372.088172598516
256,3584,8192,1,m,n,n,128,256,32,4,2,2,1,1603.2972717285156,9375.919114359607
256,3584,8192,1,k,n,n,64,128,64,3,1,1,1,2623.3447265625,5730.236435871579
256,3584,8192,1,k,n,n,64,128,64,3,2,2,1,310.68159103393555,48385.18267520402
256,3584,8192,1,k,n,n,64,128,64,4,1,1,1,2657.8533935546875,5655.836989524568
256,3584,8192,1,k,n,n,64,128,64,4,2,2,1,315.5763244628906,47634.70631577019
256,3584,8192,1,k,n,n,128,128,32,3,1,1,1,3523.5635375976562,4266.245060036292
256,3584,8192,1,k,n,n,128,128,32,3,2,2,1,282.25536346435547,53258.10412066221
256,3584,8192,1,k,n,n,128,128,32,4,1,1,1,3506.1172485351562,4287.473712489358
256,3584,8192,1,k,n,n,128,128,32,4,2,2,1,284.93824005126953,52756.64485502258
256,3584,8192,1,k,n,n,128,128,32,5,1,1,1,3114.4345092773438,4826.682176562458
256,3584,8192,1,k,n,n,128,128,32,5,2,2,1,288.07167053222656,52182.79710818814
256,3584,8192,1,k,n,n,128,128,32,6,1,1,1,3282.7392578125,4579.220082808844
256,3584,8192,1,k,n,n,128,128,32,6,2,2,1,289.2185592651367,51975.867572935706
256,3584,8192,1,k,n,n,128,256,32,3,2,2,1,1763.5122680664062,8524.117358413492
256,3584,8192,1,k,n,n,128,256,32,4,2,2,1,1665.1469421386719,9027.663058188002
256,3584,8192,1,m,k,n,64,128,64,3,1,1,1,2833.6126708984375,5305.024815277159
256,3584,8192,1,m,k,n,64,128,64,3,2,2,1,307.1999931335449,48933.547760416695
256,3584,8192,1,m,k,n,64,128,64,4,1,1,1,2843.975830078125,5285.693843462464
256,3584,8192,1,m,k,n,64,128,64,4,2,2,1,303.9641571044922,49454.46752405217
256,3584,8192,1,m,k,n,128,128,32,3,1,1,1,3403.3050537109375,4416.99621360971
256,3584,8192,1,m,k,n,128,128,32,3,2,2,1,290.9152030944824,51672.739602810776
256,3584,8192,1,m,k,n,128,128,32,4,1,1,1,3385.6103515625,4440.081395977058
256,3584,8192,1,m,k,n,128,128,32,4,2,2,1,291.7375946044922,51527.07712003783
256,3584,8192,1,m,k,n,128,128,32,5,1,1,1,3453.2351684570312,4353.131137233479
256,3584,8192,1,m,k,n,128,128,32,5,2,2,1,293.7855911254883,51167.87885481773
256,3584,8192,1,m,k,n,128,128,32,6,1,1,1,3254.96826171875,4618.2894355050685
256,3584,8192,1,m,k,n,128,128,32,6,2,2,1,296.55040740966797,50690.827462710564
256,3584,8192,1,m,k,n,128,256,32,3,2,2,1,1603.4201049804688,9375.200853043509
256,3584,8192,1,m,k,n,128,256,32,4,2,2,1,1604.4236755371094,9369.336644180123
256,3584,8192,1,m,k,n,256,128,32,3,1,1,1,5552.2979736328125,2707.416930320918
256,3584,8192,1,m,k,n,256,128,32,3,2,2,1,1475.9526062011719,10184.870078376414
256,3584,8192,1,m,k,n,256,128,32,4,1,1,1,5728.11279296875,2624.317306469983
256,3584,8192,1,m,k,n,256,128,32,4,2,2,1,1505.5258178710938,9984.807538708781
256,4608,8192,1,m,n,n,64,128,64,3,1,1,1,2736.6400146484375,7062.4388770705345
256,4608,8192,1,m,n,n,64,128,64,3,2,2,1,302.3103904724121,63932.14868267571
256,4608,8192,1,m,n,n,64,128,64,4,1,1,1,3024.6707153320312,6389.903117066531
256,4608,8192,1,m,n,n,64,128,64,4,2,2,1,304.0870475769043,63558.61910597184
256,4608,8192,1,m,n,n,128,128,32,3,1,1,1,4111.544189453125,4700.752792972104
256,4608,8192,1,m,n,n,128,128,32,3,2,2,1,279.7772789001465,69081.20955346772
256,4608,8192,1,m,n,n,128,128,32,4,1,1,1,4261.007385253906,4535.864664043129
256,4608,8192,1,m,n,n,128,128,32,4,2,2,1,278.9990425109863,69273.90380287393
256,4608,8192,1,m,n,n,128,128,32,5,1,1,1,3987.8656005859375,4846.540673075901
256,4608,8192,1,m,n,n,128,128,32,5,2,2,1,279.16799545288086,69231.979119405
256,4608,8192,1,m,n,n,128,128,32,6,1,1,1,4000.235595703125,4831.553634681063
256,4608,8192,1,m,n,n,128,128,32,6,2,2,1,280.24831771850586,68965.0984860265
256,4608,8192,1,m,n,n,128,256,32,3,2,2,1,1835.3152465820312,10530.808191123555
256,4608,8192,1,m,n,n,128,256,32,4,2,2,1,1876.9100952148438,10297.431337427837
256,4608,8192,1,k,n,n,64,128,64,3,1,1,1,2734.3667602539062,7068.310335298735
256,4608,8192,1,k,n,n,64,128,64,3,2,2,1,311.37792587280273,62070.401354960486
256,4608,8192,1,k,n,n,64,128,64,4,1,1,1,2796.3595581054688,6911.612198073078
256,4608,8192,1,k,n,n,64,128,64,4,2,2,1,316.66175842285156,61034.69180573231
256,4608,8192,1,k,n,n,128,128,32,3,1,1,1,4389.7650146484375,4402.821738180869
256,4608,8192,1,k,n,n,128,128,32,3,2,2,1,282.46015548706055,68425.05909788536
256,4608,8192,1,k,n,n,128,128,32,4,1,1,1,4122.460021972656,4688.305703144596
256,4608,8192,1,k,n,n,128,128,32,4,2,2,1,285.1840019226074,67771.51839409636
256,4608,8192,1,k,n,n,128,128,32,5,1,1,1,4187.832336425781,4615.120969359402
256,4608,8192,1,k,n,n,128,128,32,5,2,2,1,288.31743240356445,67034.97832537252
256,4608,8192,1,k,n,n,128,128,32,6,1,1,1,4181.2396240234375,4622.397798240053
256,4608,8192,1,k,n,n,128,128,32,6,2,2,1,289.3824005126953,66788.28013644907
256,4608,8192,1,k,n,n,128,256,32,3,2,2,1,2053.240966796875,9413.095269646466
256,4608,8192,1,k,n,n,128,256,32,4,2,2,1,1985.7408142089844,9733.06923728564
256,4608,8192,1,m,k,n,64,128,64,3,1,1,1,2896.5478515625,6672.54739864703
256,4608,8192,1,m,k,n,64,128,64,3,2,2,1,307.8758430480957,62776.451184514415
256,4608,8192,1,m,k,n,64,128,64,4,1,1,1,2775.1220703125,6964.505467618436
256,4608,8192,1,m,k,n,64,128,64,4,2,2,1,304.88576889038086,63392.11207640521
256,4608,8192,1,m,k,n,128,128,32,3,1,1,1,4309.995422363281,4484.309364162228
256,4608,8192,1,m,k,n,128,128,32,3,2,2,1,290.52928924560547,66524.62779978506
256,4608,8192,1,m,k,n,128,128,32,4,1,1,1,4450.754699707031,4342.488889192706
256,4608,8192,1,m,k,n,128,128,32,4,2,2,1,292.0857620239258,66170.12995798414
256,4608,8192,1,m,k,n,128,128,32,5,1,1,1,4406.583557128906,4386.017553379305
256,4608,8192,1,m,k,n,128,128,32,5,2,2,1,294.11327362060547,65713.97677525948
256,4608,8192,1,m,k,n,128,128,32,6,1,1,1,4468.526611328125,4325.218245988149
256,4608,8192,1,m,k,n,128,128,32,6,2,2,1,296.81663513183594,65115.463705110196
256,4608,8192,1,m,k,n,128,256,32,3,2,2,1,1926.1235046386719,10034.326867126667
256,4608,8192,1,m,k,n,128,256,32,4,2,2,1,1929.8918151855469,10014.733820787667
256,4608,8192,1,m,k,n,256,128,32,3,1,1,1,7134.3914794921875,2709.040131531398
256,4608,8192,1,m,k,n,256,128,32,3,2,2,1,1481.2774658203125,13047.75997608035
256,4608,8192,1,m,k,n,256,128,32,4,1,1,1,7027.117919921875,2750.395404239193
256,4608,8192,1,m,k,n,256,128,32,4,2,2,1,1605.4066467285156,12038.914172546327
256,8192,2048,1,m,n,n,64,128,64,3,1,1,1,1335.6442260742188,6431.3044030055025
256,8192,2048,1,m,n,n,64,128,64,3,2,2,1,162.1811294555664,52965.06825939591
256,8192,2048,1,m,n,n,64,128,64,4,1,1,1,1472.1434020996094,5834.984947627257
256,8192,2048,1,m,n,n,64,128,64,4,2,2,1,170.61887741088867,50345.74557253418
256,8192,2048,1,m,n,n,128,128,32,3,1,1,1,2068.520965576172,4152.693994864749
256,8192,2048,1,m,n,n,128,128,32,3,2,2,1,143.52383613586426,59850.22992186812
256,8192,2048,1,m,n,n,128,128,32,4,1,1,1,2108.6618041992188,4073.642617746423
256,8192,2048,1,m,n,n,128,128,32,4,2,2,1,145.36704063415527,59091.349418182486
256,8192,2048,1,m,n,n,128,128,32,5,1,1,1,2038.5382080078127,4213.771691036698
256,8192,2048,1,m,n,n,128,128,32,5,2,2,1,145.9404754638672,58859.16545562268
256,8192,2048,1,m,n,n,128,128,32,6,1,1,1,2032.9881286621094,4225.275332843658
256,8192,2048,1,m,n,n,128,128,32,6,2,2,1,147.16480255126953,58369.49082310237
256,8192,2048,1,m,n,n,128,256,32,3,2,2,1,710.9836578369141,12081.760948112207
256,8192,2048,1,m,n,n,128,256,32,4,2,2,1,709.9801635742188,12098.837450269186
256,8192,2048,1,k,n,n,64,128,64,3,1,1,1,1290.4039001464844,6656.779781140529
256,8192,2048,1,k,n,n,64,128,64,3,2,2,1,184.4428825378418,46572.328917260435
256,8192,2048,1,k,n,n,64,128,64,4,1,1,1,1335.2960205078125,6432.981496292674
256,8192,2048,1,k,n,n,64,128,64,4,2,2,1,169.7177505493164,50613.059413039686
256,8192,2048,1,k,n,n,128,128,32,3,1,1,1,2154.4140625,3987.1326229797114
256,8192,2048,1,k,n,n,128,128,32,3,2,2,1,143.46624374389648,59874.25590743149
256,8192,2048,1,k,n,n,128,128,32,4,1,1,1,2073.272247314453,4143.177338686079
256,8192,2048,1,k,n,n,128,128,32,4,2,2,1,148.15232276916504,57980.42468347871
256,8192,2048,1,k,n,n,128,128,32,5,1,1,1,2081.4028930664062,4126.992722367636
256,8192,2048,1,k,n,n,128,128,32,5,2,2,1,150.20031929016113,57189.85573796103
256,8192,2048,1,k,n,n,128,128,32,6,1,1,1,2085.3759765625,4119.129925990377
256,8192,2048,1,k,n,n,128,128,32,6,2,2,1,151.0604763031006,56864.20963458651
256,8192,2048,1,k,n,n,128,256,32,3,2,2,1,753.4796905517578,11400.353187635046
256,8192,2048,1,k,n,n,128,256,32,4,2,2,1,780.4108428955078,11006.93906318539
256,8192,2048,1,m,k,n,64,128,64,3,1,1,1,1398.128662109375,6143.879905187162
256,8192,2048,1,m,k,n,64,128,64,3,2,2,1,181.84192657470703,47238.47109302901
256,8192,2048,1,m,k,n,64,128,64,4,1,1,1,1412.8536987304688,6079.847191339455
256,8192,2048,1,m,k,n,64,128,64,4,2,2,1,176.61951065063477,48635.25303833203
256,8192,2048,1,m,k,n,128,128,32,3,1,1,1,2258.2476806640625,3803.805342323671
256,8192,2048,1,m,k,n,128,128,32,3,2,2,1,167.46496200561523,51293.92136196211
256,8192,2048,1,m,k,n,128,128,32,4,1,1,1,2149.3350219726562,3996.554517646194
256,8192,2048,1,m,k,n,128,128,32,4,2,2,1,151.85919761657715,56565.125634921125
256,8192,2048,1,m,k,n,128,128,32,5,1,1,1,2157.5270080566406,3981.379866821344
256,8192,2048,1,m,k,n,128,128,32,5,2,2,1,174.0390396118164,49356.36631389906
256,8192,2048,1,m,k,n,128,128,32,6,1,1,1,2121.0931396484375,4049.7677501440353
256,8192,2048,1,m,k,n,128,128,32,6,2,2,1,154.74687576293945,55509.58330919154
256,8192,2048,1,m,k,n,128,256,32,3,2,2,1,814.7148895263672,10543.485460286285
256,8192,2048,1,m,k,n,128,256,32,4,2,2,1,814.7148895263672,10543.485460286285
256,8192,2048,1,m,k,n,256,128,32,3,1,1,1,2844.3441772460938,3020.0053357525853
256,8192,2048,1,m,k,n,256,128,32,3,2,2,1,648.1504058837891,13252.995776940304
256,8192,2048,1,m,k,n,256,128,32,4,1,1,1,2866.6265869140625,2996.5307065846714
256,8192,2048,1,m,k,n,256,128,32,4,2,2,1,649.1136169433594,13233.329832841182
256,8192,3072,1,m,n,n,64,128,64,3,1,1,1,1939.0873718261719,6644.827909876697
256,8192,3072,1,m,n,n,64,128,64,3,2,2,1,241.74591064453125,53299.358213120955
256,8192,3072,1,m,n,n,64,128,64,4,1,1,1,2202.21435546875,5850.884522663734
256,8192,3072,1,m,n,n,64,128,64,4,2,2,1,264.5817565917969,48699.1319960096
256,8192,3072,1,m,n,n,128,128,32,3,1,1,1,3093.9340209960938,4164.569056922454
256,8192,3072,1,m,n,n,128,128,32,3,2,2,1,212.17279434204102,60728.34138776726
256,8192,3072,1,m,n,n,128,128,32,4,1,1,1,3110.1953125,4142.795095926954
256,8192,3072,1,m,n,n,128,128,32,4,2,2,1,213.46303939819336,60361.27811318446
256,8192,3072,1,m,n,n,128,128,32,5,1,1,1,3047.85400390625,4227.532510246948
256,8192,3072,1,m,n,n,128,128,32,5,2,2,1,213.99551391601562,60211.084112056626
256,8192,3072,1,m,n,n,128,128,32,6,1,1,1,3045.8059692382812,4230.375151317455
256,8192,3072,1,m,n,n,128,128,32,6,2,2,1,215.30624389648438,59844.53425417074
256,8192,3072,1,m,n,n,128,256,32,3,2,2,1,1081.6134643554688,11912.667799192095
256,8192,3072,1,m,n,n,128,256,32,4,2,2,1,1079.2294311523438,11938.983052234025
256,8192,3072,1,k,n,n,64,128,64,3,1,1,1,1933.3734130859375,6664.466264400458
256,8192,3072,1,k,n,n,64,128,64,3,2,2,1,239.1244888305664,53883.65679740021
256,8192,3072,1,k,n,n,64,128,64,4,1,1,1,2004.9305725097656,6426.607516823249
256,8192,3072,1,k,n,n,64,128,64,4,2,2,1,243.240966796875,52971.75906540402
256,8192,3072,1,k,n,n,128,128,32,3,1,1,1,3220.6234741210938,4000.7476786823963
256,8192,3072,1,k,n,n,128,128,32,3,2,2,1,212.2547149658203,60704.90302217727
256,8192,3072,1,k,n,n,128,128,32,4,1,1,1,3114.2706298828125,4137.373857096308
256,8192,3072,1,k,n,n,128,128,32,4,2,2,1,218.11199188232422,59074.70642399003
256,8192,3072,1,k,n,n,128,128,32,5,1,1,1,3092.8897094726562,4165.975220046531
256,8192,3072,1,k,n,n,128,128,32,5,2,2,1,220.7948875427246,58356.8851226536
256,8192,3072,1,k,n,n,128,128,32,6,1,1,1,3120.8242797851562,4128.685479493585
256,8192,3072,1,k,n,n,128,128,32,6,2,2,1,222.35136032104492,57948.38344769273
256,8192,3072,1,k,n,n,128,256,32,3,2,2,1,1158.3487701416016,11123.508066076587
256,8192,3072,1,k,n,n,128,256,32,4,2,2,1,1193.3900451660156,10796.8907065984
256,8192,3072,1,m,k,n,64,128,64,3,1,1,1,2092.400665283203,6157.951534705734
256,8192,3072,1,m,k,n,64,128,64,3,2,2,1,235.62240600585938,54684.5357638848
256,8192,3072,1,m,k,n,64,128,64,4,1,1,1,2108.968963623047,6109.573972044011
256,8192,3072,1,m,k,n,64,128,64,4,2,2,1,234.35264587402344,54980.82532819491
256,8192,3072,1,m,k,n,128,128,32,3,1,1,1,3371.2127685546875,3822.0375789345503
256,8192,3072,1,m,k,n,128,128,32,3,2,2,1,218.09152603149414,59080.25003291195
256,8192,3072,1,m,k,n,128,128,32,4,1,1,1,3221.9342041015625,3999.1201159841685
256,8192,3072,1,m,k,n,128,128,32,4,2,2,1,223.47711563110352,57656.47123023223
256,8192,3072,1,m,k,n,128,128,32,5,1,1,1,3151.728515625,4088.20170396081
256,8192,3072,1,m,k,n,128,128,32,5,2,2,1,225.46432495117188,57148.29559306309
256,8192,3072,1,m,k,n,128,128,32,6,1,1,1,3175.6903076171875,4057.3546661947385
256,8192,3072,1,m,k,n,128,128,32,6,2,2,1,227.49183654785156,56638.963769100956
256,8192,3072,1,m,k,n,128,256,32,3,2,2,1,1237.6678466796875,10410.629897647052
256,8192,3072,1,m,k,n,128,256,32,4,2,2,1,1237.7088165283203,10410.28529160936
256,8192,3072,1,m,k,n,256,128,32,3,1,1,1,4316.938171386719,2984.731626086972
256,8192,3072,1,m,k,n,256,128,32,3,2,2,1,1000.63232421875,12876.759601045238
256,8192,3072,1,m,k,n,256,128,32,4,1,1,1,4242.575378417969,3037.047250485083
256,8192,3072,1,m,k,n,256,128,32,4,2,2,1,974.1535949707031,13226.766245611918
256,8192,3584,1,m,n,n,64,128,64,3,1,1,1,2313.7075805664062,6497.09827735448
256,8192,3584,1,m,n,n,64,128,64,3,2,2,1,268.75904083251953,55932.576219334005
256,8192,3584,1,m,n,n,64,128,64,4,1,1,1,2523.7913513183594,5956.271118905092
256,8192,3584,1,m,n,n,64,128,64,4,2,2,1,293.9289665222168,51142.919712418916
256,8192,3584,1,m,n,n,128,128,32,3,1,1,1,3623.9974975585938,4148.012118144944
256,8192,3584,1,m,n,n,128,128,32,3,2,2,1,246.49728775024414,60983.97947173807
256,8192,3584,1,m,n,n,128,128,32,4,1,1,1,3686.1541748046875,4078.067498844239
256,8192,3584,1,m,n,n,128,128,32,4,2,2,1,247.91040420532227,60636.36410979349
256,8192,3584,1,m,n,n,128,128,32,5,1,1,1,3595.0387573242188,4181.425166939946
256,8192,3584,1,m,n,n,128,128,32,5,2,2,1,248.44287872314453,60506.4053888682
256,8192,3584,1,m,n,n,128,128,32,6,1,1,1,3436.4007568359375,4374.456473418151
256,8192,3584,1,m,n,n,128,128,32,6,2,2,1,249.89696502685547,60154.33414481256
256,8192,3584,1,m,n,n,128,256,32,3,2,2,1,1252.1881866455078,12004.893271090761
256,8192,3584,1,m,n,n,128,256,32,4,2,2,1,1254.0108489990234,11987.444564773226
256,8192,3584,1,k,n,n,64,128,64,3,1,1,1,2251.182098388672,6677.552005570642
256,8192,3584,1,k,n,n,64,128,64,3,2,2,1,276.62336349487305,54342.429164623376
256,8192,3584,1,k,n,n,64,128,64,4,1,1,1,2341.6831970214844,6419.47875576018
256,8192,3584,1,k,n,n,64,128,64,4,2,2,1,319.5903968811035,47036.41186563082
256,8192,3584,1,k,n,n,128,128,32,3,1,1,1,3789.803466796875,3966.5343249858033
256,8192,3584,1,k,n,n,128,128,32,3,2,2,1,246.78400039672852,60913.12853278181
256,8192,3584,1,k,n,n,128,128,32,4,1,1,1,3604.58251953125,4170.354113006922
256,8192,3584,1,k,n,n,128,128,32,4,2,2,1,253.17375183105466,59375.766355239146
256,8192,3584,1,k,n,n,128,128,32,5,1,1,1,3684.556884765625,4079.835379432936
256,8192,3584,1,k,n,n,128,128,32,5,2,2,1,256.14336013793945,58687.391029401246
256,8192,3584,1,k,n,n,128,128,32,6,1,1,1,3682.5701904296875,4082.036392698329
256,8192,3584,1,k,n,n,128,128,32,6,2,2,1,257.7203178405762,58328.29038065567
256,8192,3584,1,k,n,n,128,256,32,3,2,2,1,1366.138916015625,11003.555611930222
256,8192,3584,1,k,n,n,128,256,32,4,2,2,1,1395.3024291992188,10773.567953025977
256,8192,3584,1,m,k,n,64,128,64,3,1,1,1,2437.0994567871094,6168.146110794173
256,8192,3584,1,m,k,n,64,128,64,3,2,2,1,273.2032012939453,55022.728375083454
256,8192,3584,1,m,k,n,64,128,64,4,1,1,1,2439.0451049804688,6163.225725225108
256,8192,3584,1,m,k,n,64,128,64,4,2,2,1,271.2985610961914,55409.01313763375
256,8192,3584,1,m,k,n,128,128,32,3,1,1,1,3880.73486328125,3873.5925193533517
256,8192,3584,1,m,k,n,128,128,32,3,2,2,1,253.41951370239258,59318.18476162626
256,8192,3584,1,m,k,n,128,128,32,4,1,1,1,3750.1953125,4008.4273706744443
256,8192,3584,1,m,k,n,128,128,32,4,2,2,1,259.2153549194336,57991.87914879579
256,8192,3584,1,m,k,n,128,128,32,5,1,1,1,3736.3711547851562,4023.2581061300834
256,8192,3584,1,m,k,n,128,128,32,5,2,2,1,261.3862419128418,57510.24011819449
256,8192,3584,1,m,k,n,128,128,32,6,1,1,1,3657.6870727539062,4109.806344007985
256,8192,3584,1,m,k,n,128,128,32,6,2,2,1,263.8643264770508,56970.1321004733
256,8192,3584,1,m,k,n,128,256,32,3,2,2,1,1444.3930053710938,10407.406765403075
256,8192,3584,1,m,k,n,128,256,32,4,2,2,1,1443.0003356933594,10417.451170430231
256,8192,3584,1,m,k,n,256,128,32,3,1,1,1,4978.5650634765625,3019.4213281010716
256,8192,3584,1,m,k,n,256,128,32,3,2,2,1,1130.250244140625,13300.050686942988
256,8192,3584,1,m,k,n,256,128,32,4,1,1,1,4974.6929931640625,3021.7715056299235
256,8192,3584,1,m,k,n,256,128,32,4,2,2,1,1129.9635314941406,13303.425391191884
256,8192,4608,1,m,n,n,64,128,64,3,1,1,1,2978.6111450195312,6488.7129910585445
256,8192,4608,1,m,n,n,64,128,64,3,2,2,1,342.24449157714844,56472.3561888015
256,8192,4608,1,m,n,n,64,128,64,4,1,1,1,3297.54638671875,5861.131449080793
256,8192,4608,1,m,n,n,64,128,64,4,2,2,1,343.69728088378906,56233.65067742554
256,8192,4608,1,m,n,n,128,128,32,3,1,1,1,4722.851867675781,4092.305533502031
256,8192,4608,1,m,n,n,128,128,32,3,2,2,1,314.81855392456055,61392.03865548338
256,8192,4608,1,m,n,n,128,128,32,4,1,1,1,4646.8096923828125,4159.2735901541155
256,8192,4608,1,m,n,n,128,128,32,4,2,2,1,316.2521553039551,61113.74265077867
256,8192,4608,1,m,n,n,128,128,32,5,1,1,1,4540.579833984375,4256.582537618368
256,8192,4608,1,m,n,n,128,128,32,5,2,2,1,316.93248748779297,60982.55494474803
256,8192,4608,1,m,n,n,128,128,32,6,1,1,1,4429.679870605469,4363.148894856425
256,8192,4608,1,m,n,n,128,128,32,6,2,2,1,318.5868835449219,60665.87744273777
256,8192,4608,1,m,n,n,128,256,32,3,2,2,1,1619.6607971191406,11932.963288595482
256,8192,4608,1,m,n,n,128,256,32,4,2,2,1,1616.8550109863281,11953.670985136607
256,8192,4608,1,k,n,n,64,128,64,3,1,1,1,2923.397216796875,6611.264702911877
256,8192,4608,1,k,n,n,64,128,64,3,2,2,1,352.4607849121094,54835.47009866509
256,8192,4608,1,k,n,n,64,128,64,4,1,1,1,2873.1597900390625,6726.863190486607
256,8192,4608,1,k,n,n,64,128,64,4,2,2,1,358.5638427734375,53902.1243260498
256,8192,4608,1,k,n,n,128,128,32,3,1,1,1,4887.32666015625,3954.5858453795463
256,8192,4608,1,k,n,n,128,128,32,3,2,2,1,315.49503326416016,61260.402840692084
256,8192,4608,1,k,n,n,128,128,32,4,1,1,1,4683.960266113281,4126.284539991991
256,8192,4608,1,k,n,n,128,128,32,4,2,2,1,323.0924987792969,59819.87481919979
256,8192,4608,1,k,n,n,128,128,32,5,1,1,1,4506.316833496094,4288.946726589893
256,8192,4608,1,k,n,n,128,128,32,5,2,2,1,326.89537048339844,59123.97230777409
256,8192,4608,1,k,n,n,128,128,32,6,1,1,1,4572.2796630859375,4227.071451477122
256,8192,4608,1,k,n,n,128,128,32,6,2,2,1,328.9292907714844,58758.38173812015
256,8192,4608,1,k,n,n,128,256,32,3,2,2,1,1770.6597900390625,10915.339547849348
256,8192,4608,1,k,n,n,128,256,32,4,2,2,1,1819.0130615234375,10625.186394106042
256,8192,4608,1,m,k,n,64,128,64,3,1,1,1,3125.7598876953125,6183.249362205635
256,8192,4608,1,m,k,n,64,128,64,3,2,2,1,348.3647918701172,55480.21293496826
256,8192,4608,1,m,k,n,64,128,64,4,1,1,1,3115.438232421875,6203.734880975422
256,8192,4608,1,m,k,n,64,128,64,4,2,2,1,345.90721130371094,55874.3853854794
256,8192,4608,1,m,k,n,128,128,32,3,1,1,1,5070.970764160156,3811.3713785531863
256,8192,4608,1,m,k,n,128,128,32,3,2,2,1,323.8297653198242,59683.68229804852
256,8192,4608,1,m,k,n,128,128,32,4,1,1,1,4819.39453125,4010.3280000583577
256,8192,4608,1,m,k,n,128,128,32,4,2,2,1,330.6438446044922,58453.69011819619
256,8192,4608,1,m,k,n,128,128,32,5,1,1,1,4792.115173339844,4033.1569949580085
256,8192,4608,1,m,k,n,128,128,32,5,2,2,1,333.47583770751953,57957.28099782562
256,8192,4608,1,m,k,n,128,128,32,6,1,1,1,4852.023620605469,3983.359180264708
256,8192,4608,1,m,k,n,128,128,32,6,2,2,1,336.7116928100586,57400.30193398331
256,8192,4608,1,m,k,n,128,256,32,3,2,2,1,1883.6685180664062,10260.48513665218
256,8192,4608,1,m,k,n,128,256,32,4,2,2,1,1879.7383117675781,10281.938028823743
256,8192,4608,1,m,k,n,256,128,32,3,1,1,1,6384.189453125,3027.377707680565
256,8192,4608,1,m,k,n,256,128,32,3,2,2,1,1525.7600402832031,12667.360739381118
256,8192,4608,1,m,k,n,256,128,32,4,1,1,1,6283.612060546875,3075.8348296756412
256,8192,4608,1,m,k,n,256,128,32,4,2,2,1,1527.3779296875,12653.942718652717
2048,256,4096,1,m,n,n,64,128,64,3,1,1,1,697.4259185791016,6158.313279710536
2048,256,4096,1,m,n,n,64,128,64,3,2,2,1,88.65792274475098,48444.258144479085
2048,256,4096,1,m,n,n,64,128,64,4,1,1,1,776.1510467529297,5533.674552096825
2048,256,4096,1,m,n,n,64,128,64,4,2,2,1,89.22880172729492,48134.31552209423
2048,256,4096,1,m,n,n,128,128,32,3,1,1,1,1425.0778198242188,3013.847550114686
2048,256,4096,1,m,n,n,128,128,32,3,2,2,1,160.48128128051758,26763.042155006828
2048,256,4096,1,m,n,n,128,128,32,4,1,1,1,1471.4247131347656,2918.917466629929
2048,256,4096,1,m,n,n,128,128,32,4,2,2,1,141.20960235595703,30415.546990730647
2048,256,4096,1,m,n,n,128,128,32,5,1,1,1,1435.0489807128906,2992.9064120629423
2048,256,4096,1,m,n,n,128,128,32,5,2,2,1,158.71999740600586,27060.026248699276
2048,256,4096,1,m,n,n,128,128,32,6,1,1,1,1433.9686584472656,2995.161205720277
2048,256,4096,1,m,n,n,128,128,32,6,2,2,1,160.76799392700195,26715.313111079595
2048,256,4096,1,m,n,n,128,256,32,3,2,2,1,819.3068695068359,5242.196124371889
2048,256,4096,1,m,n,n,128,256,32,4,2,2,1,817.8514862060547,5251.524718655214
2048,256,4096,1,k,n,n,64,128,64,3,1,1,1,702.5254058837891,6113.611351317405
2048,256,4096,1,k,n,n,64,128,64,3,2,2,1,91.2179183959961,47084.68874892154
2048,256,4096,1,k,n,n,64,128,64,4,1,1,1,717.5987243652344,5985.193604962433
2048,256,4096,1,k,n,n,64,128,64,4,2,2,1,92.85951614379883,46252.311818521346
2048,256,4096,1,k,n,n,128,128,32,3,1,1,1,1460.3468322753906,2941.059754488556
2048,256,4096,1,k,n,n,128,128,32,3,2,2,1,141.96736335754395,30253.201823458196
2048,256,4096,1,k,n,n,128,128,32,4,1,1,1,1407.3651123046875,3051.7790006650107
2048,256,4096,1,k,n,n,128,128,32,4,2,2,1,156.7743968963623,27395.846394735247
2048,256,4096,1,k,n,n,128,128,32,5,1,1,1,1356.6157531738281,3165.9423723717223
2048,256,4096,1,k,n,n,128,128,32,5,2,2,1,165.43743133544922,25961.278903631606
2048,256,4096,1,k,n,n,128,128,32,6,1,1,1,1356.943359375,3165.178020384164
2048,256,4096,1,k,n,n,128,128,32,6,2,2,1,166.0492706298828,25865.619762783004
2048,256,4096,1,k,n,n,128,256,32,3,2,2,1,893.6473846435547,4806.109624226244
2048,256,4096,1,k,n,n,128,256,32,4,2,2,1,839.2294311523438,5117.751042289582
2048,256,4096,1,m,k,n,64,128,64,3,1,1,1,753.25439453125,5701.881498710349
2048,256,4096,1,m,k,n,64,128,64,3,2,2,1,91.09503746032715,47148.202753311394
2048,256,4096,1,m,k,n,64,128,64,4,1,1,1,745.902099609375,5758.084470132544
2048,256,4096,1,m,k,n,64,128,64,4,2,2,1,90.42431831359863,47497.92286080296
2048,256,4096,1,m,k,n,128,128,32,3,1,1,1,1477.918701171875,2906.091717084589
2048,256,4096,1,m,k,n,128,128,32,3,2,2,1,159.41887855529785,26941.39699715802
2048,256,4096,1,m,k,n,128,128,32,4,1,1,1,1481.2159729003906,2899.622590208747
2048,256,4096,1,m,k,n,128,128,32,4,2,2,1,167.38304138183594,25659.512818877964
2048,256,4096,1,m,k,n,128,128,32,5,1,1,1,1461.4323425292969,2938.8752192022193
2048,256,4096,1,m,k,n,128,128,32,5,2,2,1,168.65280151367188,25466.32642596113
2048,256,4096,1,m,k,n,128,128,32,6,1,1,1,1464.217529296875,2933.284986734496
2048,256,4096,1,m,k,n,128,128,32,6,2,2,1,149.42208290100098,28743.859091066304
2048,256,4096,1,m,k,n,128,256,32,3,2,2,1,805.8528137207031,5329.716820333115
2048,256,4096,1,m,k,n,128,256,32,4,2,2,1,806.8096160888672,5323.396263942057
2048,256,4096,1,m,k,n,256,128,32,3,1,1,1,2787.8399658203125,1540.607548732167
2048,256,4096,1,m,k,n,256,128,32,3,2,2,1,709.1020965576172,6056.909599971855
2048,256,4096,1,m,k,n,256,128,32,4,1,1,1,2805.53466796875,1530.8908298430053
2048,256,4096,1,m,k,n,256,128,32,4,2,2,1,712.069091796875,6031.672130525761
2048,2048,16384,1,m,n,n,64,128,64,3,1,1,1,16869.129638671875,8147.36482651281
2048,2048,16384,1,m,n,n,64,128,64,3,2,2,1,2117.7139282226562,64899.67867725602
2048,2048,16384,1,m,n,n,64,128,64,4,1,1,1,19069.66552734375,7207.203150727948
2048,2048,16384,1,m,n,n,64,128,64,4,2,2,1,2122.0755004882812,64766.28821188305
2048,2048,16384,1,m,n,n,128,128,32,3,1,1,1,35020.24658203125,3924.556988771158
2048,2048,16384,1,m,n,n,128,128,32,3,2,2,1,2483.0770874023438,55350.256409389585
2048,2048,16384,1,m,n,n,128,128,32,4,1,1,1,29722.7685546875,4624.029326848318
2048,2048,16384,1,m,n,n,128,128,32,4,2,2,1,2409.758758544922,57034.32054542646
2048,2048,16384,1,m,n,n,128,128,32,5,1,1,1,28911.8212890625,4753.728659909569
2048,2048,16384,1,m,n,n,128,128,32,5,2,2,1,2492.1292114257812,55149.208492833044
2048,2048,16384,1,m,n,n,128,128,32,6,1,1,1,28742.30712890625,4781.764833824948
2048,2048,16384,1,m,n,n,128,128,32,6,2,2,1,2413.9776611328125,56934.64180919708
2048,2048,16384,1,m,n,n,128,256,32,3,2,2,1,11895.931396484375,11553.44200392897
2048,2048,16384,1,m,n,n,128,256,32,4,2,2,1,11910.7177734375,11539.099161471806
2048,2048,16384,1,k,n,n,64,128,64,3,1,1,1,16957.41943359375,8104.94509558008
2048,2048,16384,1,k,n,n,64,128,64,3,2,2,1,2174.402618408203,63207.68394429814
2048,2048,16384,1,k,n,n,64,128,64,4,1,1,1,17280.758056640625,7953.294237528265
2048,2048,16384,1,k,n,n,64,128,64,4,2,2,1,2414.202880859375,56929.33040618209
2048,2048,16384,1,k,n,n,128,128,32,3,1,1,1,38176.4404296875,3600.0986976544327
2048,2048,16384,1,k,n,n,128,128,32,3,2,2,1,2487.255096435547,55257.280875195305
2048,2048,16384,1,k,n,n,128,128,32,4,1,1,1,32932.24853515625,4173.385043091711
2048,2048,16384,1,k,n,n,128,128,32,4,2,2,1,2548.1011962890625,53937.79245194805
2048,2048,16384,1,k,n,n,128,128,32,5,1,1,1,32651.242675781246,4209.302378985534
2048,2048,16384,1,k,n,n,128,128,32,5,2,2,1,2575.9066772460938,53355.56395969136
2048,2048,16384,1,k,n,n,128,128,32,6,1,1,1,32371.999511718746,4245.612119889189
2048,2048,16384,1,k,n,n,128,128,32,6,2,2,1,2586.2759399414062,53141.64329855451
2048,2048,16384,1,k,n,n,128,256,32,3,2,2,1,13177.691650390625,10429.66834543635
2048,2048,16384,1,k,n,n,128,256,32,4,2,2,1,13895.537109375,9890.870168615007
2048,2048,16384,1,m,k,n,64,128,64,3,1,1,1,17880.186767578125,7686.662072300945
2048,2048,16384,1,m,k,n,64,128,64,3,2,2,1,2153.4104919433594,63823.852436033834
2048,2048,16384,1,m,k,n,64,128,64,4,1,1,1,17910.169677734375,7673.794048018529
2048,2048,16384,1,m,k,n,64,128,64,4,2,2,1,2335.477752685547,58848.32485086192
2048,2048,16384,1,m,k,n,128,128,32,3,1,1,1,37321.58447265625,3682.559446871689
2048,2048,16384,1,m,k,n,128,128,32,3,2,2,1,2557.665252685547,53736.0990957238
2048,2048,16384,1,m,k,n,128,128,32,4,1,1,1,32409.66064453125,4240.678573571897
2048,2048,16384,1,m,k,n,128,128,32,4,2,2,1,2609.725341796875,52664.14487026789
2048,2048,16384,1,m,k,n,128,128,32,5,1,1,1,32113.34228515625,4279.808443841998
2048,2048,16384,1,m,k,n,128,128,32,5,2,2,1,2627.2152709960938,52313.54848964881
2048,2048,16384,1,m,k,n,128,128,32,6,1,1,1,32924.8779296875,4174.319302428602
2048,2048,16384,1,m,k,n,128,128,32,6,2,2,1,2653.78173828125,51789.848234095465
2048,2048,16384,1,m,k,n,128,256,32,3,2,2,1,13662.66357421875,10059.455297673094
2048,2048,16384,1,m,k,n,128,256,32,4,2,2,1,13641.339111328125,10075.18047534403
2048,2048,16384,1,m,k,n,256,128,32,3,1,1,1,46072.01171875,2983.1333242187525
2048,2048,16384,1,m,k,n,256,128,32,3,2,2,1,11734.200439453125,11712.681590975564
2048,2048,16384,1,m,k,n,256,128,32,4,1,1,1,44734.3017578125,3072.339302758813
2048,2048,16384,1,m,k,n,256,128,32,4,2,2,1,11828.759765625,11619.050195896687
3072,256,4096,1,m,n,n,64,128,64,3,1,1,1,1311.3754272460938,4912.743376265052
3072,256,4096,1,m,n,n,64,128,64,3,2,2,1,174.85567092895508,36844.39234811897
3072,256,4096,1,m,n,n,64,128,64,4,1,1,1,1459.44580078125,4414.3132554503345
3072,256,4096,1,m,n,n,64,128,64,4,2,2,1,175.80032348632812,36646.411202428906
3072,256,4096,1,m,n,n,128,128,32,3,1,1,1,1482.8338623046875,4344.688307823542
3072,256,4096,1,m,n,n,128,128,32,3,2,2,1,161.21856689453125,39960.97390082021
3072,256,4096,1,m,n,n,128,128,32,4,1,1,1,1518.4486389160156,4242.784891689925
3072,256,4096,1,m,n,n,128,128,32,4,2,2,1,160.78847885131836,40067.86425262071
3072,256,4096,1,m,n,n,128,128,32,5,1,1,1,1482.3219299316406,4346.1887825521835
3072,256,4096,1,m,n,n,128,128,32,5,2,2,1,160.95232009887695,40027.077211699994
3072,256,4096,1,m,n,n,128,128,32,6,1,1,1,1486.4178466796875,4334.212589273562
3072,256,4096,1,m,n,n,128,128,32,6,2,2,1,161.52576446533203,39884.9741731619
3072,256,4096,1,m,n,n,128,256,32,3,2,2,1,827.2077178955078,7788.1900816764455
3072,256,4096,1,m,n,n,128,256,32,4,2,2,1,828.6003112792969,7775.100801076623
3072,256,4096,1,k,n,n,64,128,64,3,1,1,1,1296.5682983398438,4968.848114094001
3072,256,4096,1,k,n,n,64,128,64,3,2,2,1,167.64928817749023,38428.143740040105
3072,256,4096,1,k,n,n,64,128,64,4,1,1,1,1332.3469543457031,4835.41537208962
3072,256,4096,1,k,n,n,64,128,64,4,2,2,1,177.78688430786133,36236.930351082876
3072,256,4096,1,k,n,n,128,128,32,3,1,1,1,1571.3690185546875,4099.896884772256
3072,256,4096,1,k,n,n,128,128,32,3,2,2,1,163.0188751220703,39519.66261069966
3072,256,4096,1,k,n,n,128,128,32,4,1,1,1,1492.4800109863281,4316.6078584479055
3072,256,4096,1,k,n,n,128,128,32,4,2,2,1,164.65919494628906,39125.97135010585
3072,256,4096,1,k,n,n,128,128,32,5,1,1,1,1479.9667358398438,4353.105234047083
3072,256,4096,1,k,n,n,128,128,32,5,2,2,1,166.48128509521484,38697.748760861614
3072,256,4096,1,k,n,n,128,128,32,6,1,1,1,1459.2845153808594,4414.801141310392
3072,256,4096,1,k,n,n,128,128,32,6,2,2,1,161.46432876586914,39900.15004082949
3072,256,4096,1,k,n,n,128,256,32,3,2,2,1,898.7648010253906,7168.116660387546
3072,256,4096,1,k,n,n,128,256,32,4,2,2,1,846.1106872558594,7614.194030445849
3072,256,4096,1,m,k,n,64,128,64,3,1,1,1,1410.723876953125,4566.769620369917
3072,256,4096,1,m,k,n,64,128,64,3,2,2,1,176.66048049926758,36467.980420933534
3072,256,4096,1,m,k,n,64,128,64,4,1,1,1,1406.5664672851562,4580.2676900400675
3072,256,4096,1,m,k,n,64,128,64,4,2,2,1,155.27935981750488,41489.422364772865
3072,256,4096,1,m,k,n,128,128,32,3,1,1,1,1521.1109924316406,4235.358876541369
3072,256,4096,1,m,k,n,128,128,32,3,2,2,1,159.1865634918213,40471.07244909525
3072,256,4096,1,m,k,n,128,128,32,4,1,1,1,1523.1794738769531,4229.60724884377
3072,256,4096,1,m,k,n,128,128,32,4,2,2,1,156.20672225952148,41243.10945656057
3072,256,4096,1,m,k,n,128,128,32,5,1,1,1,1504.0480041503906,4283.407794313868
3072,256,4096,1,m,k,n,128,128,32,5,2,2,1,148.54144096374512,43371.404654492515
3072,256,4096,1,m,k,n,128,128,32,6,1,1,1,1519.656982421875,4239.4112740709925
3072,256,4096,1,m,k,n,128,128,32,6,2,2,1,171.31519317626953,37605.83532933496
3072,256,4096,1,m,k,n,128,256,32,3,2,2,1,809.2262268066406,7961.248326593575
3072,256,4096,1,m,k,n,128,256,32,4,2,2,1,810.4140472412109,7949.579558660432
3072,256,4096,1,m,k,n,256,128,32,3,1,1,1,2871.5045166015625,2243.5802927535237
3072,256,4096,1,m,k,n,256,128,32,3,2,2,1,716.1650848388672,8995.762402253264
3072,256,4096,1,m,k,n,256,128,32,4,1,1,1,2717.286376953125,2370.913496141646
3072,256,4096,1,m,k,n,256,128,32,4,2,2,1,716.6976165771484,8989.078231860574
3072,3072,24576,1,m,n,n,64,128,64,3,1,1,1,54684.326171875,8482.439127257065
3072,3072,24576,1,m,n,n,64,128,64,3,2,2,1,7250.6573486328125,63974.401997560264
3072,3072,24576,1,m,n,n,64,128,64,4,1,1,1,61216.6845703125,7577.28830340725
3072,3072,24576,1,m,n,n,64,128,64,4,2,2,1,7247.49755859375,64002.29378731977
3072,3072,24576,1,m,n,n,128,128,32,3,1,1,1,124406.30859375,3728.5606591119727
3072,3072,24576,1,m,n,n,128,128,32,3,2,2,1,7082.7215576171875,65491.275379750135
3072,3072,24576,1,m,n,n,128,128,32,4,1,1,1,99273.49609375,4672.510652087362
3072,3072,24576,1,m,n,n,128,128,32,4,2,2,1,7151.2066650390625,64864.08374067963
3072,3072,24576,1,m,n,n,128,128,32,5,1,1,1,95760.830078125,4843.90608967748
3072,3072,24576,1,m,n,n,128,128,32,5,2,2,1,6954.14794921875,66702.12819100448
3072,3072,24576,1,m,n,n,128,128,32,6,1,1,1,95909.39453125,4836.402838690243
3072,3072,24576,1,m,n,n,128,128,32,6,2,2,1,7202.6519775390625,64400.7886837379
3072,3072,24576,1,m,n,n,128,256,32,3,2,2,1,41244.6728515625,11246.457685272377
3072,3072,24576,1,m,n,n,128,256,32,4,2,2,1,41297.900390625,11231.962486724864
3072,3072,24576,1,k,n,n,64,128,64,3,1,1,1,53413.271484375,8684.292406685707
3072,3072,24576,1,k,n,n,64,128,64,3,2,2,1,7280.3125,63713.812829875096
3072,3072,24576,1,k,n,n,64,128,64,4,1,1,1,54816.2744140625,8462.021049883735
3072,3072,24576,1,k,n,n,64,128,64,4,2,2,1,7325.4705810546875,63321.047137591
3072,3072,24576,1,k,n,n,128,128,32,3,1,1,1,133437.626953125,3476.2044151980244
3072,3072,24576,1,k,n,n,128,128,32,3,2,2,1,6913.475341796875,67094.54290863784
3072,3072,24576,1,k,n,n,128,128,32,4,1,1,1,107811.123046875,4302.491754643171
3072,3072,24576,1,k,n,n,128,128,32,4,2,2,1,6995.025634765625,66312.33281871196
3072,3072,24576,1,k,n,n,128,128,32,5,1,1,1,107227.548828125,4325.907595924956
3072,3072,24576,1,k,n,n,128,128,32,5,2,2,1,7409.3206787109375,62604.45296972908
3072,3072,24576,1,k,n,n,128,128,32,6,1,1,1,107957.9296875,4296.641009240362
3072,3072,24576,1,k,n,n,128,128,32,6,2,2,1,7375.97412109375,62887.485822579976
3072,3072,24576,1,k,n,n,128,256,32,3,2,2,1,46283.2861328125,10022.116118482549
3072,3072,24576,1,k,n,n,128,256,32,4,2,2,1,47897.294921875,9684.398017144676
3072,3072,24576,1,m,k,n,64,128,64,3,1,1,1,56073.0908203125,8272.35419310911
3072,3072,24576,1,m,k,n,64,128,64,3,2,2,1,7456.3995361328125,62209.175584034565
3072,3072,24576,1,m,k,n,64,128,64,4,1,1,1,57606.083984375,8052.21316716852
3072,3072,24576,1,m,k,n,64,128,64,4,2,2,1,7329.1363525390625,63289.376217881974
3072,3072,24576,1,m,k,n,128,128,32,3,1,1,1,133632.099609375,3471.145550537006
3072,3072,24576,1,m,k,n,128,128,32,3,2,2,1,7048.0078125,65813.8413446885
3072,3072,24576,1,m,k,n,128,128,32,4,1,1,1,107350.244140625,4320.963325992669
3072,3072,24576,1,m,k,n,128,128,32,4,2,2,1,7470.0799560546875,62095.24806920342
3072,3072,24576,1,m,k,n,128,128,32,5,1,1,1,106616.728515625,4350.691251045285
3072,3072,24576,1,m,k,n,128,128,32,5,2,2,1,7333.6834716796875,63250.13477323689
3072,3072,24576,1,m,k,n,128,128,32,6,1,1,1,106622.8125,4350.442997065004
3072,3072,24576,1,m,k,n,128,128,32,6,2,2,1,7574.2413330078125,61241.3108553273
3072,3072,24576,1,m,k,n,128,256,32,3,2,2,1,49997.2900390625,9277.632199777077
3072,3072,24576,1,m,k,n,128,256,32,4,2,2,1,49989.833984375,9279.015971787076
3072,3072,24576,1,m,k,n,256,128,32,3,1,1,1,161120.029296875,2878.949749402738
3072,3072,24576,1,m,k,n,256,128,32,3,2,2,1,40910.9716796875,11338.19239493417
3072,3072,24576,1,m,k,n,256,128,32,4,1,1,1,155877.255859375,2975.7803048988058
3072,3072,24576,1,m,k,n,256,128,32,4,2,2,1,40932.35107421875,11332.270338611459
3584,256,4096,1,m,n,n,64,128,64,3,1,1,1,1328.8858032226562,5656.011035540165
3584,256,4096,1,m,n,n,64,128,64,3,2,2,1,160.13311386108398,46937.15488802849
3584,256,4096,1,m,n,n,64,128,64,4,1,1,1,1473.7779235839844,5099.949353103256
3584,256,4096,1,m,n,n,64,128,64,4,2,2,1,154.93120193481445,48513.09919587633
3584,256,4096,1,m,n,n,128,128,32,3,1,1,1,1568.1330871582031,4793.083463101318
3584,256,4096,1,m,n,n,128,128,32,3,2,2,1,141.5782356262207,53088.61729173845
3584,256,4096,1,m,n,n,128,128,32,4,1,1,1,1541.7138671875,4875.21901953931
3584,256,4096,1,m,n,n,128,128,32,4,2,2,1,155.50463676452637,48334.20356064
3584,256,4096,1,m,n,n,128,128,32,5,1,1,1,1523.7734985351562,4932.618118916962
3584,256,4096,1,m,n,n,128,128,32,5,2,2,1,148.25471878051758,50697.831609173154
3584,256,4096,1,m,n,n,128,128,32,6,1,1,1,1548.431396484375,4854.068953306609
3584,256,4096,1,m,n,n,128,128,32,6,2,2,1,161.8739128112793,46432.39072600137
3584,256,4096,1,m,n,n,128,256,32,3,2,2,1,836.3008117675781,8987.42732547876
3584,256,4096,1,m,n,n,128,256,32,4,2,2,1,840.6630706787109,8940.790942478046
3584,256,4096,1,k,n,n,64,128,64,3,1,1,1,1324.1343688964844,5676.3066834855235
3584,256,4096,1,k,n,n,64,128,64,3,2,2,1,180.4902458190918,41643.20755335221
3584,256,4096,1,k,n,n,64,128,64,4,1,1,1,1355.1615905761719,5546.344303341974
3584,256,4096,1,k,n,n,64,128,64,4,2,2,1,183.76447677612305,40901.22802763911
3584,256,4096,1,k,n,n,128,128,32,3,2,2,1,163.06495666503906,46093.24358659989
3584,256,4096,1,k,n,n,128,128,32,4,1,1,1,1724.74365234375,4357.860808930222
3584,256,4096,1,k,n,n,128,128,32,4,2,2,1,146.57535552978516,51278.6937533483
3584,256,4096,1,k,n,n,128,128,32,5,1,1,1,1687.9820251464844,4452.7682499153025
3584,256,4096,1,k,n,n,128,128,32,5,2,2,1,146.37056350708008,51350.43951399719
3584,256,4096,1,k,n,n,128,128,32,6,1,1,1,1702.8096008300781,4413.99482616027
3584,256,4096,1,k,n,n,128,128,32,6,2,2,1,146.9644832611084,51142.919712418916
3584,256,4096,1,k,n,n,128,256,32,3,2,2,1,905.5270385742188,8300.351560826373
3584,256,4096,1,k,n,n,128,256,32,4,2,2,1,846.7865753173828,8876.135955725167
3584,256,4096,1,m,k,n,64,128,64,3,1,1,1,1429.9749755859375,5256.170839577254
3584,256,4096,1,m,k,n,64,128,64,3,2,2,1,156.54656410217285,48012.505487469054
3584,256,4096,1,m,k,n,64,128,64,4,1,1,1,1425.4899597167969,5272.708318123299
3584,256,4096,1,m,k,n,64,128,64,4,2,2,1,161.7305564880371,46473.54792571902
3584,256,4096,1,m,k,n,128,128,32,3,1,1,1,1533.2966613769531,4901.98208691735
3584,256,4096,1,m,k,n,128,128,32,3,2,2,1,152.67840385437012,49228.91894500811
3584,256,4096,1,m,k,n,128,128,32,4,1,1,1,1558.7532043457031,4821.926105457452
3584,256,4096,1,m,k,n,128,128,32,4,2,2,1,158.47423553466797,47428.48414848955
3584,256,4096,1,m,k,n,128,128,32,5,1,1,1,1640.1817321777344,4582.536569298606
3584,256,4096,1,m,k,n,128,128,32,5,2,2,1,148.68096351623535,50552.48896863157
3584,256,4096,1,m,k,n,128,128,32,6,1,1,1,1564.9996948242188,4802.680021509027
3584,256,4096,1,m,k,n,128,128,32,6,2,2,1,153.37471961975098,49005.42140604569
3584,256,4096,1,m,k,n,128,256,32,3,2,2,1,815.4150390625,9217.62833396049
3584,256,4096,1,m,k,n,128,256,32,4,2,2,1,815.8207702636719,9213.044141510125
3584,256,4096,1,m,k,n,256,128,32,3,1,1,1,2857.8814697265625,2629.987579127674
3584,256,4096,1,m,k,n,256,128,32,3,2,2,1,725.5859375,10358.790571240916
3584,256,4096,1,m,k,n,256,128,32,4,1,1,1,2957.7420043945312,2541.192827783035
3584,256,4096,1,m,k,n,256,128,32,4,2,2,1,727.0809936523438,10337.490367123932
3584,3584,14336,1,m,n,n,64,128,64,3,1,1,1,42630.8203125,8639.13579265588
3584,3584,14336,1,m,n,n,64,128,64,3,2,2,1,5827.117919921875,63203.36239856594
3584,3584,14336,1,m,n,n,64,128,64,4,1,1,1,47908.3935546875,7687.451369280259
3584,3584,14336,1,m,n,n,64,128,64,4,2,2,1,5748.5107421875,64067.62762555995
3584,3584,14336,1,m,n,n,128,128,32,3,1,1,1,98889.27734375,3724.3011125642215
3584,3584,14336,1,m,n,n,128,128,32,3,2,2,1,5290.4754638671875,69614.43222775823
3584,3584,14336,1,m,n,n,128,128,32,4,1,1,1,78547.94921875,4688.772263249433
3584,3584,14336,1,m,n,n,128,128,32,4,2,2,1,5224.2431640625,70496.99527110181
3584,3584,14336,1,m,n,n,128,128,32,5,1,1,1,76402.0751953125,4820.463903506589
3584,3584,14336,1,m,n,n,128,128,32,5,2,2,1,5225.7586669921875,70476.55069842332
3584,3584,14336,1,m,n,n,128,128,32,6,1,1,1,76513.935546875,4813.4165756821
3584,3584,14336,1,m,n,n,128,128,32,6,2,2,1,5223.3807373046875,70508.63495392886
3584,3584,14336,1,m,n,n,128,256,32,3,2,2,1,32991.57958984375,11163.255903799673
3584,3584,14336,1,m,n,n,128,256,32,4,2,2,1,33048.92333984375,11143.886348272828
3584,3584,14336,1,k,n,n,64,128,64,3,1,1,1,41786.38671875,8813.718403336912
3584,3584,14336,1,k,n,n,64,128,64,3,2,2,1,5792.542724609375,63580.61789813319
3584,3584,14336,1,k,n,n,64,128,64,4,1,1,1,42754.2333984375,8614.198322766784
3584,3584,14336,1,k,n,n,64,128,64,4,2,2,1,5890.887451171875,62519.17876291039
3584,3584,14336,1,k,n,n,128,128,32,3,1,1,1,106009.82421875,3474.1444799684878
3584,3584,14336,1,k,n,n,128,128,32,3,2,2,1,5301.3916015625,69471.0885955777
3584,3584,14336,1,k,n,n,128,128,32,4,1,1,1,83141.123046875,4429.738643587433
3584,3584,14336,1,k,n,n,128,128,32,4,2,2,1,5501.1932373046875,66947.92015930814
3584,3584,14336,1,k,n,n,128,128,32,5,1,1,1,82830.048828125,4446.374846358242
3584,3584,14336,1,k,n,n,128,128,32,5,2,2,1,5298.790283203125,69505.19381743982
3584,3584,14336,1,k,n,n,128,128,32,6,1,1,1,82964.892578125,4439.148104545446
3584,3584,14336,1,k,n,n,128,128,32,6,2,2,1,5535.4779052734375,66533.26992438015
3584,3584,14336,1,k,n,n,128,256,32,3,2,2,1,37896.2744140625,9718.46049054717
3584,3584,14336,1,k,n,n,128,256,32,4,2,2,1,38617.4365234375,9536.972901048914
3584,3584,14336,1,m,k,n,64,128,64,3,1,1,1,44071.93359375,8356.643686816342
3584,3584,14336,1,m,k,n,64,128,64,3,2,2,1,5832.703857421875,63142.833004175554
3584,3584,14336,1,m,k,n,64,128,64,4,1,1,1,44907.9931640625,8201.066662821304
3584,3584,14336,1,m,k,n,64,128,64,4,2,2,1,5687.1527099609375,64758.84584335869
3584,3584,14336,1,m,k,n,128,128,32,3,1,1,1,106860.703125,3446.4815864180664
3584,3584,14336,1,m,k,n,128,128,32,3,2,2,1,5428.87939453125,67839.6808746568
3584,3584,14336,1,m,k,n,128,128,32,4,1,1,1,83131.962890625,4430.226748243104
3584,3584,14336,1,m,k,n,128,128,32,4,2,2,1,5420.892333984375,67939.63483154129
3584,3584,14336,1,m,k,n,128,128,32,5,1,1,1,82842.587890625,4445.701842610815
3584,3584,14336,1,m,k,n,128,128,32,5,2,2,1,5645.3118896484375,65238.812811622265
3584,3584,14336,1,m,k,n,128,128,32,6,1,1,1,82722.65625,4452.147239070313
3584,3584,14336,1,m,k,n,128,128,32,6,2,2,1,5622.3333740234375,65505.44429357503
3584,3584,14336,1,m,k,n,128,256,32,3,2,2,1,40405.17578125,9115.006642364526
3584,3584,14336,1,m,k,n,128,256,32,4,2,2,1,40400.05615234375,9116.16172619191
3584,3584,14336,1,m,k,n,256,128,32,3,1,1,1,120441.5234375,3057.8610691778267
3584,3584,14336,1,m,k,n,256,128,32,3,2,2,1,32778.34228515625,11235.877715475031
3584,3584,14336,1,m,k,n,256,128,32,4,1,1,1,118330.87890625,3112.4035335171293
3584,3584,14336,1,m,k,n,256,128,32,4,2,2,1,32749.814453124996,11245.665106260087
4096,128,4096,1,m,n,n,64,128,64,3,1,1,1,709.5500946044922,6053.085368685692
4096,128,4096,1,m,n,n,64,128,64,3,2,2,1,89.76639747619629,47846.047259932806
4096,128,4096,1,m,n,n,64,128,64,4,1,1,1,790.5280303955078,5433.036060531834
4096,128,4096,1,m,n,n,64,128,64,4,2,2,1,90.0710391998291,47684.22052366139
4096,128,4096,1,m,n,n,128,128,32,3,1,1,1,1436.0166931152344,2990.8895325462254
4096,128,4096,1,m,n,n,128,128,32,3,2,2,1,141.29152297973633,30397.912099906895
4096,128,4096,1,m,n,n,128,128,32,4,1,1,1,1484.6975708007812,2892.823010199634
4096,128,4096,1,m,n,n,128,128,32,4,2,2,1,150.830078125,28475.535843988342
4096,128,4096,1,m,n,n,128,128,32,5,1,1,1,1443.6358642578125,2975.1043198196558
4096,128,4096,1,m,n,n,128,128,32,5,2,2,1,140.98431587219238,30464.14964267054
4096,128,4096,1,m,n,n,128,128,32,6,1,1,1,1444.7410583496094,2972.8284325956156
4096,128,4096,1,m,n,n,128,128,32,6,2,2,1,143.05279731750488,30023.65124302564
4096,128,4096,1,m,n,n,128,256,32,3,2,2,1,839.024658203125,5119.000084214693
4096,128,4096,1,m,n,n,128,256,32,4,2,2,1,842.6943969726562,5096.708025387955
4096,128,4096,1,k,n,n,64,128,64,3,1,1,1,717.1686553955078,5988.782783083834
4096,128,4096,1,k,n,n,64,128,64,3,2,2,1,92.50816345214844,46427.98144210972
4096,128,4096,1,k,n,n,64,128,64,4,1,1,1,733.9417266845703,5851.918673981959
4096,128,4096,1,k,n,n,64,128,64,4,2,2,1,93.65440368652344,45859.74740041009
4096,128,4096,1,k,n,n,128,128,32,3,1,1,1,1467.2076416015625,2927.3070656255136
4096,128,4096,1,k,n,n,128,128,32,3,2,2,1,142.9088020324707,30053.903153034116
4096,128,4096,1,k,n,n,128,128,32,4,1,1,1,1403.0233764648438,3061.22290479714
4096,128,4096,1,k,n,n,128,128,32,4,2,2,1,163.73760223388672,26230.793888534936
4096,128,4096,1,k,n,n,128,128,32,5,1,1,1,1368.1663513183594,3139.2142423773157
4096,128,4096,1,k,n,n,128,128,32,5,2,2,1,147.31264114379883,29155.45646763253
4096,128,4096,1,k,n,n,128,128,32,6,1,1,1,1365.5859375,3145.1461076575415
4096,128,4096,1,k,n,n,128,128,32,6,2,2,1,166.297607421875,25826.993921230853
4096,128,4096,1,k,n,n,128,256,32,3,2,2,1,904.7654724121094,4747.050398098852
4096,128,4096,1,k,n,n,128,256,32,4,2,2,1,838.7583923339844,5120.625123104332
4096,128,4096,1,m,k,n,64,128,64,3,1,1,1,762.3680114746094,5633.719189886345
4096,128,4096,1,m,k,n,64,128,64,3,2,2,1,90.64448356628418,47382.55574989609
4096,128,4096,1,m,k,n,64,128,64,4,1,1,1,761.7561340332031,5638.2444513571745
4096,128,4096,1,m,k,n,64,128,64,4,2,2,1,89.72288131713867,47869.25289234536
4096,128,4096,1,m,k,n,128,128,32,3,1,1,1,1488.5273742675781,2885.3801214863893
4096,128,4096,1,m,k,n,128,128,32,3,2,2,1,166.43648147583008,25805.443962258454
4096,128,4096,1,m,k,n,128,128,32,4,1,1,1,1492.3776245117188,2877.9360032319187
4096,128,4096,1,m,k,n,128,128,32,4,2,2,1,147.23072052001953,29171.67885092294
4096,128,4096,1,m,k,n,128,128,32,5,1,1,1,1471.3650512695312,2919.0358247901786
4096,128,4096,1,m,k,n,128,128,32,5,2,2,1,160.0921630859375,26828.092101513183
4096,128,4096,1,m,k,n,128,128,32,6,1,1,1,1472.3039245605469,2917.1743852288937
4096,128,4096,1,m,k,n,128,128,32,6,2,2,1,149.81056213378906,28669.322341667463
4096,128,4096,1,m,k,n,128,256,32,3,2,2,1,841.1545562744141,5106.038199475473
4096,128,4096,1,m,k,n,128,256,32,4,2,2,1,840.7654571533203,5108.401230638069
4096,128,4096,1,m,k,n,256,128,32,3,1,1,1,2854.4000244140625,1504.6830364576003
4096,128,4096,1,m,k,n,256,128,32,3,2,2,1,715.2639770507812,6004.730328667275
4096,128,4096,1,m,k,n,256,128,32,4,1,1,1,2820.2432250976562,1522.9066974715554
4096,128,4096,1,m,k,n,256,128,32,4,2,2,1,715.8380889892578,5999.914452812041
4096,4096,4096,1,m,n,n,64,128,64,3,1,1,1,15842.672119140625,8675.238144072333
4096,4096,4096,1,m,n,n,64,128,64,3,2,2,1,1970.4217529296875,69751.03338544212
4096,4096,4096,1,m,n,n,64,128,64,4,1,1,1,17086.21826171875,8043.848636765258
4096,4096,4096,1,m,n,n,64,128,64,4,2,2,1,2052.1983337402344,66971.57443915795
4096,4096,4096,1,m,n,n,128,128,32,3,1,1,1,37731.435546875,3642.5582933693336
4096,4096,4096,1,m,n,n,128,128,32,3,2,2,1,1825.5667114257812,75285.63739237947
4096,4096,4096,1,m,n,n,128,128,32,4,1,1,1,28410.69580078125,4837.577876857935
4096,4096,4096,1,m,n,n,128,128,32,4,2,2,1,1969.0495300292969,69799.6426072406
4096,4096,4096,1,m,n,n,128,128,32,5,1,1,1,26957.16796875,5098.419597760626
4096,4096,4096,1,m,n,n,128,128,32,5,2,2,1,1919.1999816894531,71612.62754442809
4096,4096,4096,1,m,n,n,128,128,32,6,1,1,1,27235.634765625,5046.291546157253
4096,4096,4096,1,m,n,n,128,128,32,6,2,2,1,2076.36474609375,66192.1050868172
4096,4096,4096,1,m,n,n,128,256,32,3,2,2,1,12269.813232421875,11201.389203613138
4096,4096,4096,1,m,n,n,128,256,32,4,2,2,1,12244.4384765625,11224.60239684136
4096,4096,4096,1,k,n,n,64,128,64,3,1,1,1,15555.748291015625,8835.251824650519
4096,4096,4096,1,k,n,n,64,128,64,3,2,2,1,2143.436737060547,64120.835056919015
4096,4096,4096,1,k,n,n,64,128,64,4,1,1,1,16013.742675781248,8582.562880809804
4096,4096,4096,1,k,n,n,64,128,64,4,2,2,1,2048.368682861328,67096.7851744414
4096,4096,4096,1,k,n,n,128,128,32,3,1,1,1,40037.35595703125,3432.7679784724482
4096,4096,4096,1,k,n,n,128,128,32,3,2,2,1,1830.9120178222656,75065.84266974962
4096,4096,4096,1,k,n,n,128,128,32,4,1,1,1,30294.32373046875,4536.7889606913295
4096,4096,4096,1,k,n,n,128,128,32,4,2,2,1,2101.739501953125,65392.95347700293
4096,4096,4096,1,k,n,n,128,128,32,5,1,1,1,30112.3388671875,4564.207186900486
4096,4096,4096,1,k,n,n,128,128,32,5,2,2,1,1901.5679931640625,72276.64430936924
4096,4096,4096,1,k,n,n,128,128,32,6,1,1,1,30111.3134765625,4564.362613373783
4096,4096,4096,1,k,n,n,128,128,32,6,2,2,1,1932.4517822265625,71121.54349002356
4096,4096,4096,1,k,n,n,128,256,32,3,2,2,1,13508.280029296875,10174.422885365213
4096,4096,4096,1,k,n,n,128,256,32,4,2,2,1,13968.199462890625,9839.41801784365
4096,4096,4096,1,m,k,n,64,128,64,3,1,1,1,16575.426025390625,8291.729772825614
4096,4096,4096,1,m,k,n,64,128,64,3,2,2,1,2002.9434204101562,68618.49020371016
4096,4096,4096,1,m,k,n,64,128,64,4,1,1,1,16582.1435546875,8288.370741619125
4096,4096,4096,1,m,k,n,64,128,64,4,2,2,1,1994.0762329101562,68923.62047333643
4096,4096,4096,1,m,k,n,128,128,32,3,1,1,1,40498.45703125,3393.6836992566755
4096,4096,4096,1,m,k,n,128,128,32,3,2,2,1,2083.3279418945312,65970.86839195184
4096,4096,4096,1,m,k,n,128,128,32,4,1,1,1,30554.06982421875,4498.220834825046
4096,4096,4096,1,m,k,n,128,128,32,4,2,2,1,2146.5087890625,64029.06625508263
4096,4096,4096,1,m,k,n,128,128,32,5,1,1,1,29959.18701171875,4587.53948891336
4096,4096,4096,1,m,k,n,128,128,32,5,2,2,1,1937.7970886230469,70925.35863476856
4096,4096,4096,1,m,k,n,128,128,32,6,1,1,1,29977.82470703125,4584.6873418992245
4096,4096,4096,1,m,k,n,128,128,32,6,2,2,1,1958.7890625,70165.26490942667
4096,4096,4096,1,m,k,n,128,256,32,3,2,2,1,14665.35888671875,9371.67337899024
4096,4096,4096,1,m,k,n,128,256,32,4,2,2,1,14664.0283203125,9372.523734260702
4096,4096,4096,1,m,k,n,256,128,32,3,1,1,1,51096.73828125,2689.779388960202
4096,4096,4096,1,m,k,n,256,128,32,3,2,2,1,11941.170654296875,11509.671660420025
4096,4096,4096,1,m,k,n,256,128,32,4,1,1,1,47987.36328125,2864.0655388061555
4096,4096,4096,1,m,k,n,256,128,32,4,2,2,1,11911.004638671875,11538.821253227637
4608,256,4096,1,m,n,n,64,128,64,3,1,1,1,1359.5648193359375,7107.918856505939
4608,256,4096,1,m,n,n,64,128,64,3,2,2,1,175.9436798095703,54924.82836814211
4608,256,4096,1,m,n,n,64,128,64,4,2,2,1,177.8278350830078,54342.87838846555
4608,256,4096,1,m,n,n,128,128,32,3,1,1,1,2041.2442016601565,4734.208875224471
4608,256,4096,1,m,n,n,128,128,32,3,2,2,1,141.49632453918457,68296.30697102552
4608,256,4096,1,m,n,n,128,128,32,4,1,1,1,2165.9237670898438,4461.688154881005
4608,256,4096,1,m,n,n,128,128,32,4,2,2,1,141.25056266784668,68415.13572391434
4608,256,4096,1,m,n,n,128,128,32,5,1,1,1,2072.14599609375,4663.607889703341
4608,256,4096,1,m,n,n,128,128,32,5,2,2,1,141.61919593811035,68237.05184869972
4608,256,4096,1,m,n,n,128,128,32,6,1,1,1,2022.3245239257812,4778.499346504813
4608,256,4096,1,m,n,n,128,128,32,6,2,2,1,142.04928398132324,68030.4479202485
4608,256,4096,1,m,n,n,128,256,32,3,2,2,1,875.6633758544922,11035.834868130652
4608,256,4096,1,m,n,n,128,256,32,4,2,2,1,870.750732421875,11098.097372966653
4608,256,4096,1,k,n,n,64,128,64,3,1,1,1,1359.1961669921875,7109.846724615982
4608,256,4096,1,k,n,n,64,128,64,3,2,2,1,181.10464096069336,53359.62880209894
4608,256,4096,1,k,n,n,64,128,64,4,1,1,1,1392.2355651855469,6941.121644678066
4608,256,4096,1,k,n,n,64,128,64,4,2,2,1,174.1619110107422,55486.73851772304
4608,256,4096,1,k,n,n,128,128,32,3,1,1,1,2246.5945434570312,4301.4777384483705
4608,256,4096,1,k,n,n,128,128,32,3,2,2,1,143.31904411315918,67427.72027121486
4608,256,4096,1,k,n,n,128,128,32,4,1,1,1,2257.469482421875,4280.756170237369
4608,256,4096,1,k,n,n,128,128,32,4,2,2,1,144.8755168914795,66703.30931925979
4608,256,4096,1,k,n,n,128,128,32,5,1,1,1,2218.8851928710938,4355.194422427881
4608,256,4096,1,k,n,n,128,128,32,5,2,2,1,146.51391983032227,65957.39454102042
4608,256,4096,1,k,n,n,128,128,32,6,1,1,1,2240.327606201172,4313.510394306253
4608,256,4096,1,k,n,n,128,128,32,6,2,2,1,146.57535552978516,65929.74911144782
4608,256,4096,1,k,n,n,128,256,32,3,2,2,1,915.1487731933594,10559.678053524733
4608,256,4096,1,k,n,n,128,256,32,4,2,2,1,874.5785522460938,11049.523671923735
4608,256,4096,1,m,k,n,64,128,64,3,1,1,1,1457.3158264160156,6631.147648870273
4608,256,4096,1,m,k,n,64,128,64,3,2,2,1,179.22048568725586,53920.601648537835
4608,256,4096,1,m,k,n,64,128,64,4,1,1,1,1453.3222961425781,6649.369132813432
4608,256,4096,1,m,k,n,64,128,64,4,2,2,1,177.84832000732422,54336.619067315485
4608,256,4096,1,m,k,n,128,128,32,3,1,1,1,2150.318145751953,4494.06820804215
4608,256,4096,1,m,k,n,128,128,32,3,2,2,1,146.7801570892334,65837.75768903882
4608,256,4096,1,m,k,n,128,128,32,4,1,1,1,2140.897216796875,4513.844167847725
4608,256,4096,1,m,k,n,128,128,32,4,2,2,1,147.55840301513672,65490.51913369304
4608,256,4096,1,m,k,n,128,128,32,5,1,1,1,2130.145263671875,4536.627891443454
4608,256,4096,1,m,k,n,128,128,32,5,2,2,1,148.5478401184082,65054.30444695148
4608,256,4096,1,m,k,n,128,128,32,6,1,1,1,2146.7340087890625,4501.571399360801
4608,256,4096,1,m,k,n,128,128,32,6,2,2,1,149.8534393310547,64487.51833216923
4608,256,4096,1,m,k,n,128,256,32,3,2,2,1,865.955810546875,11159.549134380335
4608,256,4096,1,m,k,n,128,256,32,4,2,2,1,866.324462890625,11154.800343228975
4608,256,4096,1,m,k,n,256,128,32,3,1,1,1,3670.5075073242188,2632.790260397743
4608,256,4096,1,m,k,n,256,128,32,3,2,2,1,762.7410888671875,12669.668065676598
4608,256,4096,1,m,k,n,256,128,32,4,1,1,1,3396.37939453125,2845.2876706177667
4608,256,4096,1,m,k,n,256,128,32,4,2,2,1,763.2895660400391,12660.56401915113
4608,4608,36864,1,m,n,n,64,128,64,3,1,1,1,182138.203125,8595.207114882973
4608,4608,36864,1,m,n,n,64,128,64,3,2,2,1,22749.306640625,68815.96894897673
4608,4608,36864,1,m,n,n,64,128,64,4,1,1,1,205368.92578125,7622.94282563234
4608,4608,36864,1,m,n,n,64,128,64,4,2,2,1,22951.52587890625,68209.65140408366
4608,4608,36864,1,m,n,n,128,128,32,3,1,1,1,426690.9375,3668.968430790729
4608,4608,36864,1,m,n,n,128,128,32,3,2,2,1,21628.39599609375,72382.41706295483
4608,4608,36864,1,m,n,n,128,128,32,4,1,1,1,329612.6953125,4749.560929101236
4608,4608,36864,1,m,n,n,128,128,32,4,2,2,1,20895.1708984375,74922.3630187713
4608,4608,36864,1,m,n,n,128,128,32,5,1,1,1,312003.0859375,5017.628510589801
4608,4608,36864,1,m,n,n,128,128,32,5,2,2,1,20931.4404296875,74792.5392259004
4608,4608,36864,1,m,n,n,128,128,32,6,1,1,1,312173.59375,5014.88790447062
4608,4608,36864,1,m,n,n,128,128,32,6,2,2,1,21058.662109375,74340.6951144848
4608,4608,36864,1,m,n,n,128,256,32,3,2,2,1,138700.263671875,11287.041119803207
4608,4608,36864,1,m,n,n,128,256,32,4,2,2,1,138568.33984375,11297.786934282964
4608,4608,36864,1,k,n,n,64,128,64,3,1,1,1,178081.42578125,8791.009913156431
4608,4608,36864,1,k,n,n,64,128,64,3,2,2,1,23433.52783203125,66806.65372339284
4608,4608,36864,1,k,n,n,64,128,64,4,1,1,1,182633.9453125,8571.876256154292
4608,4608,36864,1,k,n,n,64,128,64,4,2,2,1,24010.5615234375,65201.12317505981
4608,4608,36864,1,k,n,n,128,128,32,3,1,1,1,456581.8359375,3428.773236625862
4608,4608,36864,1,k,n,n,128,128,32,3,2,2,1,21028.53515625,74447.20080403247
4608,4608,36864,1,k,n,n,128,128,32,4,1,1,1,356939.609375,4385.9396331306925
4608,4608,36864,1,k,n,n,128,128,32,4,2,2,1,21519.560546875,72748.49205130906
4608,4608,36864,1,k,n,n,128,128,32,5,1,1,1,354861.875,4411.619533352237
4608,4608,36864,1,k,n,n,128,128,32,5,2,2,1,21801.982421875,71806.11143972125
4608,4608,36864,1,k,n,n,128,128,32,6,1,1,1,355933.203125,4398.340940511267
4608,4608,36864,1,k,n,n,128,128,32,6,2,2,1,21902.91015625,71475.23174884045
4608,4608,36864,1,k,n,n,128,256,32,3,2,2,1,158919.0234375,9851.026928866633
4608,4608,36864,1,k,n,n,128,256,32,4,2,2,1,164972.3828125,9489.561541772073
4608,4608,36864,1,m,k,n,64,128,64,3,1,1,1,187514.453125,8348.772872181771
4608,4608,36864,1,m,k,n,64,128,64,3,2,2,1,23030.947265625,67974.43289397919
4608,4608,36864,1,m,k,n,64,128,64,4,1,1,1,193009.0234375,8111.1004631290925
4608,4608,36864,1,m,k,n,64,128,64,4,2,2,1,22936.69921875,68253.7432462053
4608,4608,36864,1,m,k,n,128,128,32,3,1,1,1,457626.9921875,3420.9423965764972
4608,4608,36864,1,m,k,n,128,128,32,3,2,2,1,21427.28271484375,73061.78763896595
4608,4608,36864,1,m,k,n,128,128,32,4,1,1,1,355997.3828125,4397.54800168444
4608,4608,36864,1,m,k,n,128,128,32,4,2,2,1,21875.90087890625,71563.47928516819
4608,4608,36864,1,m,k,n,128,128,32,5,1,1,1,351410.46875,4454.948610269596
4608,4608,36864,1,m,k,n,128,128,32,5,2,2,1,22107.60009765625,70813.45657043837
4608,4608,36864,1,m,k,n,128,128,32,6,1,1,1,352476.1328125,4441.479673816035
4608,4608,36864,1,m,k,n,128,128,32,6,2,2,1,22430.82275390625,69793.05202344265
4608,4608,36864,1,m,k,n,128,256,32,3,2,2,1,170813.203125,9165.073605266718
4608,4608,36864,1,m,k,n,128,256,32,4,2,2,1,170760.7421875,9167.889289641415
4608,4608,36864,1,m,k,n,256,128,32,3,1,1,1,505517.5,3096.8573380585244
4608,4608,36864,1,m,k,n,256,128,32,3,2,2,1,140023.76953125,11180.355911234159
4608,4608,36864,1,m,k,n,256,128,32,4,1,1,1,495747.3046875,3157.8902489017883
4608,4608,36864,1,m,k,n,256,128,32,4,2,2,1,140353.046875,11154.126071707342
